{"version":9,"screenWidth":1080,"screenHeight":2400,"scenario":{"scenario":{"id":3,"name":"Eat Repeat","detectionQuality":785,"endConditionOperator":2},"events":[{"event":{"id":12,"scenarioId":3,"name":"Continue","conditionOperator":2,"priority":2},"actions":[{"action":{"id":21,"eventId":12,"name":"Click","type":"CLICK","x":563,"y":1224,"clickOnCondition":true,"pressDuration":1},"intentExtras":[]},{"action":{"id":22,"eventId":12,"priority":1,"name":"Wait","type":"PAUSE","pauseDuration":3000},"intentExtras":[]}],"conditions":[{"id":39,"eventId":12,"name":"No Thanks logo","path":"Condition_-1076347914","areaLeft":379,"areaTop":1369,"areaRight":699,"areaBottom":1428,"threshold":20,"detectionType":2,"shouldBeDetected":true},{"id":67,"eventId":12,"name":"Condition","path":"Condition_1350097789","areaLeft":364,"areaTop":1169,"areaRight":719,"areaBottom":1270,"threshold":8,"detectionType":1,"shouldBeDetected":true},{"id":71,"eventId":12,"name":"Condition","path":"Condition_973422467","areaLeft":387,"areaTop":1182,"areaRight":707,"areaBottom":1312,"threshold":7,"detectionType":1,"shouldBeDetected":true}]},{"event":{"id":14,"scenarioId":3,"name":"No continue","conditionOperator":1,"priority":1},"actions":[{"action":{"id":24,"eventId":14,"name":"Click","type":"CLICK","x":1028,"y":638,"clickOnCondition":false,"pressDuration":100},"intentExtras":[]},{"action":{"id":25,"eventId":14,"priority":1,"name":"Wait","type":"PAUSE","pauseDuration":3000},"intentExtras":[]}],"conditions":[{"id":43,"eventId":14,"name":"Revive logo","path":"Condition_-1782836278","areaLeft":357,"areaTop":1287,"areaRight":717,"areaBottom":1345,"threshold":1,"detectionType":1,"shouldBeDetected":true}]},{"event":{"id":15,"scenarioId":3,"name":"Ad for Depth","conditionOperator":1,"priority":0},"actions":[{"action":{"id":26,"eventId":15,"name":"Click","type":"CLICK","clickOnCondition":true,"pressDuration":1},"intentExtras":[]},{"action":{"id":27,"eventId":15,"priority":1,"name":"Wait","type":"PAUSE","pauseDuration":3000},"intentExtras":[]}],"conditions":[{"id":70,"eventId":15,"name":"Condition","path":"Condition_-1756027100","areaLeft":417,"areaTop":1780,"areaRight":663,"areaBottom":1901,"threshold":4,"detectionType":1,"shouldBeDetected":true}]},{"event":{"id":16,"scenarioId":3,"name":"Skip for no Ad","conditionOperator":2,"priority":3},"actions":[{"action":{"id":28,"eventId":16,"name":"Click","type":"CLICK","x":591,"y":1448,"clickOnCondition":false,"pressDuration":1},"intentExtras":[]},{"action":{"id":29,"eventId":16,"priority":1,"name":"Wait","type":"PAUSE","pauseDuration":3000},"intentExtras":[]}],"conditions":[{"id":68,"eventId":16,"name":"Condition","path":"Condition_-1132173868","areaLeft":745,"areaTop":1797,"areaRight":941,"areaBottom":1915,"threshold":4,"detectionType":1,"shouldBeDetected":true},{"id":69,"eventId":16,"name":"Condition","path":"Condition_1701677993","areaLeft":745,"areaTop":1798,"areaRight":939,"areaBottom":1921,"threshold":4,"detectionType":1,"shouldBeDetected":true}]},{"event":{"id":17,"scenarioId":3,"name":"Close Ads","conditionOperator":2,"priority":5},"actions":[{"action":{"id":30,"eventId":17,"name":"Click","type":"CLICK","clickOnCondition":true,"pressDuration":100},"intentExtras":[]},{"action":{"id":31,"eventId":17,"priority":1,"name":"Wait","type":"PAUSE","pauseDuration":2000},"intentExtras":[]}],"conditions":[{"id":47,"eventId":17,"name":"Close Marker ","path":"Condition_-2111938916","areaLeft":972,"areaTop":132,"areaRight":1077,"areaBottom":217,"threshold":20,"detectionType":2,"shouldBeDetected":true},{"id":48,"eventId":17,"name":"Condition","path":"Condition_-1751591983","areaLeft":25,"areaTop":146,"areaRight":106,"areaBottom":218,"threshold":20,"detectionType":2,"shouldBeDetected":true},{"id":49,"eventId":17,"name":"Condition","path":"Condition_1310800920","areaLeft":982,"areaTop":145,"areaRight":1057,"areaBottom":221,"threshold":20,"detectionType":2,"shouldBeDetected":true},{"id":50,"eventId":17,"name":"Condition","path":"Condition_440882649","areaLeft":964,"areaTop":236,"areaRight":1025,"areaBottom":292,"threshold":20,"detectionType":2,"shouldBeDetected":true},{"id":51,"eventId":17,"name":"Condition","path":"Condition_1689274499","areaLeft":1006,"areaTop":143,"areaRight":1054,"areaBottom":203,"threshold":20,"detectionType":2,"shouldBeDetected":true},{"id":52,"eventId":17,"name":"Condition","path":"Condition_2012231470","areaLeft":986,"areaTop":127,"areaRight":1072,"areaBottom":202,"threshold":20,"detectionType":2,"shouldBeDetected":true},{"id":53,"eventId":17,"name":"Condition","path":"Condition_1937703155","areaLeft":983,"areaTop":172,"areaRight":1033,"areaBottom":217,"threshold":20,"detectionType":2,"shouldBeDetected":true},{"id":54,"eventId":17,"name":"Condition","path":"Condition_-811476126","areaLeft":976,"areaTop":110,"areaRight":1071,"areaBottom":238,"threshold":20,"detectionType":2,"shouldBeDetected":true},{"id":55,"eventId":17,"name":"Condition","path":"Condition_-1122840254","areaLeft":977,"areaTop":139,"areaRight":1054,"areaBottom":228,"threshold":20,"detectionType":2,"shouldBeDetected":true},{"id":56,"eventId":17,"name":"Condition","path":"Condition_-2002463305","areaLeft":981,"areaTop":148,"areaRight":1060,"areaBottom":214,"threshold":20,"detectionType":2,"shouldBeDetected":true},{"id":57,"eventId":17,"name":"Condition","path":"Condition_-187679490","areaLeft":954,"areaTop":789,"areaRight":1018,"areaBottom":865,"threshold":20,"detectionType":2,"shouldBeDetected":true},{"id":58,"eventId":17,"name":"Condition","path":"Condition_333672635","areaLeft":971,"areaTop":143,"areaRight":1061,"areaBottom":223,"threshold":19,"detectionType":2,"shouldBeDetected":true},{"id":72,"eventId":17,"name":"Condition","path":"Condition_-1050747995","areaLeft":942,"areaTop":195,"areaRight":997,"areaBottom":256,"threshold":20,"detectionType":2,"shouldBeDetected":true},{"id":73,"eventId":17,"name":"Condition","path":"Condition_1076357083","areaLeft":973,"areaTop":146,"areaRight":1058,"areaBottom":223,"threshold":20,"detectionType":2,"shouldBeDetected":true},{"id":74,"eventId":17,"name":"Condition","path":"Condition_629916722","areaLeft":947,"areaTop":135,"areaRight":1071,"areaBottom":233,"threshold":20,"detectionType":2,"shouldBeDetected":true},{"id":76,"eventId":17,"name":"Condition","path":"Condition_60708623","areaLeft":968,"areaTop":160,"areaRight":1043,"areaBottom":229,"threshold":20,"detectionType":2,"shouldBeDetected":true},{"id":150,"eventId":17,"name":"Condition","path":"Condition_563335043","areaLeft":991,"areaTop":138,"areaRight":1059,"areaBottom":209,"threshold":20,"detectionType":2,"shouldBeDetected":true},{"id":151,"eventId":17,"name":"Condition","path":"Condition_-588841662","areaLeft":956,"areaTop":227,"areaRight":1033,"areaBottom":302,"threshold":20,"detectionType":2,"shouldBeDetected":true},{"id":152,"eventId":17,"name":"Condition","path":"Condition_99780073","areaLeft":954,"areaTop":222,"areaRight":1032,"areaBottom":314,"threshold":20,"detectionType":2,"shouldBeDetected":true},{"id":153,"eventId":17,"name":"Condition","path":"Condition_-1624761421","areaLeft":1001,"areaTop":139,"areaRight":1058,"areaBottom":210,"threshold":20,"detectionType":2,"shouldBeDetected":true},{"id":154,"eventId":17,"name":"Condition","path":"Condition_1083450305","areaLeft":998,"areaTop":131,"areaRight":1080,"areaBottom":199,"threshold":20,"detectionType":2,"shouldBeDetected":true},{"id":155,"eventId":17,"name":"Condition","path":"Condition_1746012165","areaLeft":986,"areaTop":135,"areaRight":1055,"areaBottom":216,"threshold":20,"detectionType":2,"shouldBeDetected":true},{"id":158,"eventId":17,"name":"Condition","path":"Condition_-1068547060","areaLeft":986,"areaTop":141,"areaRight":1054,"areaBottom":213,"threshold":20,"detectionType":2,"shouldBeDetected":true},{"id":159,"eventId":17,"name":"Condition","path":"Condition_1553384349","areaLeft":14,"areaTop":134,"areaRight":70,"areaBottom":201,"threshold":19,"detectionType":1,"shouldBeDetected":true}]},{"event":{"id":20,"scenarioId":3,"name":"Google Video","conditionOperator":2,"priority":4},"actions":[{"action":{"id":35,"eventId":20,"name":"Click","type":"CLICK","x":729,"y":1352,"clickOnCondition":true,"pressDuration":1},"intentExtras":[]},{"action":{"id":36,"eventId":20,"priority":1,"name":"Wait","type":"PAUSE","pauseDuration":15000},"intentExtras":[]}],"conditions":[{"id":64,"eventId":20,"name":"Condition","path":"Condition_1681262597","areaLeft":616,"areaTop":1315,"areaRight":851,"areaBottom":1416,"threshold":20,"detectionType":2,"shouldBeDetected":true},{"id":157,"eventId":20,"name":"Condition","path":"Condition_2133364972","areaLeft":650,"areaTop":1315,"areaRight":884,"areaBottom":1431,"threshold":20,"detectionType":2,"shouldBeDetected":true}]},{"event":{"id":23,"scenarioId":3,"name":"go back ","conditionOperator":2,"priority":6},"actions":[{"action":{"id":40,"eventId":23,"name":"Click","type":"CLICK","x":83,"y":187,"clickOnCondition":false,"pressDuration":1},"intentExtras":[]},{"action":{"id":41,"eventId":23,"priority":1,"name":"Wait","type":"PAUSE","pauseDuration":3000},"intentExtras":[]},{"action":{"id":42,"eventId":23,"priority":2,"name":"Swipe","type":"SWIPE","fromX":11,"fromY":1182,"toX":847,"toY":1156,"swipeDuration":1000},"intentExtras":[]}],"conditions":[{"id":75,"eventId":23,"name":"Condition","path":"Condition_-331276228","areaLeft":31,"areaTop":161,"areaRight":472,"areaBottom":234,"threshold":9,"detectionType":1,"shouldBeDetected":true},{"id":156,"eventId":23,"name":"Condition","path":"Condition_1299038390","areaLeft":13,"areaTop":156,"areaRight":134,"areaBottom":224,"threshold":20,"detectionType":1,"shouldBeDetected":true}]}],"endConditions":[]}}