{"version":12,"screenWidth":1080,"screenHeight":2340,"scenario":{"scenario":{"id":3,"name":"idle Furry","detectionQuality":1440,"endConditionOperator":2},"events":[{"event":{"id":5,"scenarioId":3,"name":"Ad for Depth","conditionOperator":1,"priority":0},"actions":[{"action":{"id":8,"eventId":5,"priority":1,"name":"Wait","type":"PAUSE","pauseDuration":40000},"intentExtras":[]},{"action":{"id":9,"eventId":5,"priority":2,"name":"Toggle event","type":"TOGGLE_EVENT","toggleEventId":9,"toggleEventType":"ENABLE"},"intentExtras":[]},{"action":{"id":21,"eventId":5,"name":"Click","type":"CLICK","clickPositionType":"ON_DETECTED_CONDITION","clickOnConditionId":35,"pressDuration":1},"intentExtras":[]}],"conditions":[{"id":35,"eventId":5,"name":"Condition","path":"Condition_-397372709","areaLeft":423,"areaTop":1739,"areaRight":664,"areaBottom":1853,"threshold":4,"detectionType":3,"shouldBeDetected":true,"detectionAreaLeft":399,"detectionAreaTop":1698,"detectionAreaRight":681,"detectionAreaBottom":2030}]},{"event":{"id":6,"scenarioId":3,"name":"Continue Game","conditionOperator":2,"priority":1},"actions":[{"action":{"id":10,"eventId":6,"name":"Click","type":"CLICK","clickPositionType":"USER_SELECTED","x":591,"y":1448,"pressDuration":1},"intentExtras":[]},{"action":{"id":11,"eventId":6,"priority":1,"name":"Wait","type":"PAUSE","pauseDuration":3000},"intentExtras":[]}],"conditions":[{"id":33,"eventId":6,"name":"Condition","path":"Condition_-1955087033","areaLeft":761,"areaTop":1764,"areaRight":931,"areaBottom":1874,"threshold":9,"detectionType":3,"shouldBeDetected":true,"detectionAreaLeft":712,"detectionAreaTop":1718,"detectionAreaRight":972,"detectionAreaBottom":2062},{"id":38,"eventId":6,"name":"Condition","path":"Condition_-1297019967","areaLeft":758,"areaTop":1759,"areaRight":938,"areaBottom":1873,"threshold":10,"detectionType":3,"shouldBeDetected":true,"detectionAreaLeft":710,"detectionAreaTop":1726,"detectionAreaRight":979,"detectionAreaBottom":2060}]},{"event":{"id":7,"scenarioId":3,"name":"Claim or No Thanks","conditionOperator":2,"priority":2},"actions":[{"action":{"id":12,"eventId":7,"name":"Click","type":"CLICK","clickPositionType":"ON_DETECTED_CONDITION","pressDuration":1},"intentExtras":[]},{"action":{"id":13,"eventId":7,"priority":1,"name":"Wait","type":"PAUSE","pauseDuration":3000},"intentExtras":[]}],"conditions":[{"id":27,"eventId":7,"name":"Condition","path":"Condition_-1961538053","areaLeft":354,"areaTop":1206,"areaRight":722,"areaBottom":1305,"threshold":18,"detectionType":2,"shouldBeDetected":true},{"id":29,"eventId":7,"name":"Condition","path":"Condition_-1126326983","areaLeft":404,"areaTop":1392,"areaRight":672,"areaBottom":1465,"threshold":4,"detectionType":3,"shouldBeDetected":true,"detectionAreaLeft":283,"detectionAreaTop":1392,"detectionAreaRight":821,"detectionAreaBottom":1465},{"id":32,"eventId":7,"name":"Condition","path":"Condition_90234154","areaLeft":250,"areaTop":1761,"areaRight":840,"areaBottom":1842,"threshold":10,"detectionType":3,"shouldBeDetected":true,"detectionAreaLeft":143,"detectionAreaTop":1719,"detectionAreaRight":921,"detectionAreaBottom":1888},{"id":34,"eventId":7,"name":"Condition","path":"Condition_224970920","areaLeft":423,"areaTop":1183,"areaRight":654,"areaBottom":1261,"threshold":4,"detectionType":3,"shouldBeDetected":true,"detectionAreaLeft":361,"detectionAreaTop":1144,"detectionAreaRight":716,"detectionAreaBottom":1308}]},{"event":{"id":8,"scenarioId":3,"name":"click icon","conditionOperator":1,"priority":3},"actions":[{"action":{"id":15,"eventId":8,"priority":1,"name":"Wait","type":"PAUSE","pauseDuration":2000},"intentExtras":[]},{"action":{"id":16,"eventId":8,"priority":2,"name":"Toggle event","type":"TOGGLE_EVENT","toggleEventId":9,"toggleEventType":"DISABLE"},"intentExtras":[]},{"action":{"id":22,"eventId":8,"name":"Click","type":"CLICK","clickPositionType":"ON_DETECTED_CONDITION","clickOnConditionId":37,"pressDuration":1},"intentExtras":[]}],"conditions":[{"id":37,"eventId":8,"name":"Condition","path":"Condition_-1680999271","areaLeft":52,"areaTop":509,"areaRight":236,"areaBottom":734,"threshold":10,"detectionType":1,"shouldBeDetected":true}]},{"event":{"id":9,"scenarioId":3,"name":"Game Lock","conditionOperator":1,"priority":4,"enabledOnStart":false},"actions":[{"action":{"id":17,"eventId":9,"name":"Swipe","type":"SWIPE","fromX":548,"fromY":2330,"toX":501,"toY":386,"swipeDuration":250},"intentExtras":[]},{"action":{"id":18,"eventId":9,"priority":1,"name":"Wait","type":"PAUSE","pauseDuration":500},"intentExtras":[]},{"action":{"id":19,"eventId":9,"priority":2,"name":"Click","type":"CLICK","clickPositionType":"USER_SELECTED","x":540,"y":2273,"pressDuration":1},"intentExtras":[]},{"action":{"id":20,"eventId":9,"priority":3,"name":"Wait","type":"PAUSE","pauseDuration":2000},"intentExtras":[]}],"conditions":[{"id":36,"eventId":9,"name":"Condition","path":"Condition_1610172342","areaLeft":8,"areaTop":642,"areaRight":573,"areaBottom":1289,"threshold":4,"detectionType":1,"shouldBeDetected":false}]}],"endConditions":[]}}