{"version":9,"screenWidth":1080,"screenHeight":2400,"scenario":{"scenario":{"id":10,"name":"Idle Furry","detectionQuality":785,"endConditionOperator":2},"events":[{"event":{"id":83,"scenarioId":10,"name":"Claim or No Thanks","conditionOperator":2,"priority":3},"actions":[{"action":{"id":141,"eventId":83,"name":"Click","type":"CLICK","x":563,"y":1224,"clickOnCondition":true,"pressDuration":1},"intentExtras":[]},{"action":{"id":142,"eventId":83,"priority":1,"name":"Wait","type":"PAUSE","pauseDuration":3000},"intentExtras":[]}],"conditions":[{"id":362,"eventId":83,"name":"Condition","path":"Condition_-777877410","areaLeft":383,"areaTop":1417,"areaRight":685,"areaBottom":1489,"threshold":9,"detectionType":1,"shouldBeDetected":true},{"id":364,"eventId":83,"name":"Condition","path":"Condition_-761015284","areaLeft":386,"areaTop":1163,"areaRight":692,"areaBottom":1320,"threshold":11,"detectionType":1,"shouldBeDetected":true}]},{"event":{"id":85,"scenarioId":10,"name":"Continue Game","conditionOperator":2,"priority":1},"actions":[{"action":{"id":145,"eventId":85,"name":"Click","type":"CLICK","x":591,"y":1448,"clickOnCondition":false,"pressDuration":1},"intentExtras":[]},{"action":{"id":146,"eventId":85,"priority":1,"name":"Wait","type":"PAUSE","pauseDuration":3000},"intentExtras":[]}],"conditions":[{"id":360,"eventId":85,"name":"Condition","path":"Condition_2003017648","areaLeft":735,"areaTop":1800,"areaRight":951,"areaBottom":1931,"threshold":10,"detectionType":1,"shouldBeDetected":true},{"id":363,"eventId":85,"name":"Condition","path":"Condition_-580135094","areaLeft":734,"areaTop":1804,"areaRight":941,"areaBottom":1931,"threshold":4,"detectionType":1,"shouldBeDetected":true}]},{"event":{"id":86,"scenarioId":10,"name":"Close Ads","conditionOperator":2,"priority":5},"actions":[{"action":{"id":147,"eventId":86,"name":"Click","type":"CLICK","clickOnCondition":true,"pressDuration":100},"intentExtras":[]},{"action":{"id":148,"eventId":86,"priority":1,"name":"Wait","type":"PAUSE","pauseDuration":2000},"intentExtras":[]}],"conditions":[{"id":310,"eventId":86,"name":"Close Marker ","path":"Condition_-2111938916","areaLeft":972,"areaTop":132,"areaRight":1077,"areaBottom":217,"threshold":20,"detectionType":2,"shouldBeDetected":true},{"id":311,"eventId":86,"name":"Condition","path":"Condition_-1751591983","areaLeft":25,"areaTop":146,"areaRight":106,"areaBottom":218,"threshold":20,"detectionType":2,"shouldBeDetected":true},{"id":312,"eventId":86,"name":"Condition","path":"Condition_1310800920","areaLeft":982,"areaTop":145,"areaRight":1057,"areaBottom":221,"threshold":20,"detectionType":2,"shouldBeDetected":true},{"id":313,"eventId":86,"name":"Condition","path":"Condition_440882649","areaLeft":964,"areaTop":236,"areaRight":1025,"areaBottom":292,"threshold":20,"detectionType":2,"shouldBeDetected":true},{"id":314,"eventId":86,"name":"Condition","path":"Condition_1689274499","areaLeft":1006,"areaTop":143,"areaRight":1054,"areaBottom":203,"threshold":20,"detectionType":2,"shouldBeDetected":true},{"id":315,"eventId":86,"name":"Condition","path":"Condition_2012231470","areaLeft":986,"areaTop":127,"areaRight":1072,"areaBottom":202,"threshold":20,"detectionType":2,"shouldBeDetected":true},{"id":316,"eventId":86,"name":"Condition","path":"Condition_1937703155","areaLeft":983,"areaTop":172,"areaRight":1033,"areaBottom":217,"threshold":20,"detectionType":2,"shouldBeDetected":true},{"id":317,"eventId":86,"name":"Condition","path":"Condition_-811476126","areaLeft":976,"areaTop":110,"areaRight":1071,"areaBottom":238,"threshold":20,"detectionType":2,"shouldBeDetected":true},{"id":318,"eventId":86,"name":"Condition","path":"Condition_-1122840254","areaLeft":977,"areaTop":139,"areaRight":1054,"areaBottom":228,"threshold":20,"detectionType":2,"shouldBeDetected":true},{"id":319,"eventId":86,"name":"Condition","path":"Condition_-2002463305","areaLeft":981,"areaTop":148,"areaRight":1060,"areaBottom":214,"threshold":20,"detectionType":2,"shouldBeDetected":true},{"id":320,"eventId":86,"name":"Condition","path":"Condition_-187679490","areaLeft":954,"areaTop":789,"areaRight":1018,"areaBottom":865,"threshold":20,"detectionType":2,"shouldBeDetected":true},{"id":321,"eventId":86,"name":"Condition","path":"Condition_333672635","areaLeft":971,"areaTop":143,"areaRight":1061,"areaBottom":223,"threshold":19,"detectionType":2,"shouldBeDetected":true},{"id":322,"eventId":86,"name":"Condition","path":"Condition_-1050747995","areaLeft":942,"areaTop":195,"areaRight":997,"areaBottom":256,"threshold":20,"detectionType":2,"shouldBeDetected":true},{"id":323,"eventId":86,"name":"Condition","path":"Condition_1076357083","areaLeft":973,"areaTop":146,"areaRight":1058,"areaBottom":223,"threshold":20,"detectionType":2,"shouldBeDetected":true},{"id":324,"eventId":86,"name":"Condition","path":"Condition_629916722","areaLeft":947,"areaTop":135,"areaRight":1071,"areaBottom":233,"threshold":20,"detectionType":2,"shouldBeDetected":true},{"id":325,"eventId":86,"name":"Condition","path":"Condition_60708623","areaLeft":968,"areaTop":160,"areaRight":1043,"areaBottom":229,"threshold":20,"detectionType":2,"shouldBeDetected":true},{"id":326,"eventId":86,"name":"Condition","path":"Condition_563335043","areaLeft":991,"areaTop":138,"areaRight":1059,"areaBottom":209,"threshold":20,"detectionType":2,"shouldBeDetected":true},{"id":327,"eventId":86,"name":"Condition","path":"Condition_-588841662","areaLeft":956,"areaTop":227,"areaRight":1033,"areaBottom":302,"threshold":20,"detectionType":2,"shouldBeDetected":true},{"id":328,"eventId":86,"name":"Condition","path":"Condition_99780073","areaLeft":954,"areaTop":222,"areaRight":1032,"areaBottom":314,"threshold":20,"detectionType":2,"shouldBeDetected":true},{"id":329,"eventId":86,"name":"Condition","path":"Condition_-1624761421","areaLeft":1001,"areaTop":139,"areaRight":1058,"areaBottom":210,"threshold":20,"detectionType":2,"shouldBeDetected":true},{"id":330,"eventId":86,"name":"Condition","path":"Condition_1083450305","areaLeft":998,"areaTop":131,"areaRight":1080,"areaBottom":199,"threshold":20,"detectionType":2,"shouldBeDetected":true},{"id":331,"eventId":86,"name":"Condition","path":"Condition_1746012165","areaLeft":986,"areaTop":135,"areaRight":1055,"areaBottom":216,"threshold":20,"detectionType":2,"shouldBeDetected":true},{"id":332,"eventId":86,"name":"Condition","path":"Condition_-1068547060","areaLeft":986,"areaTop":141,"areaRight":1054,"areaBottom":213,"threshold":20,"detectionType":2,"shouldBeDetected":true},{"id":333,"eventId":86,"name":"Condition","path":"Condition_1553384349","areaLeft":14,"areaTop":134,"areaRight":70,"areaBottom":201,"threshold":19,"detectionType":1,"shouldBeDetected":true},{"id":334,"eventId":86,"name":"Condition","path":"Condition_963453974","areaLeft":1001,"areaTop":115,"areaRight":1080,"areaBottom":212,"threshold":20,"detectionType":1,"shouldBeDetected":true},{"id":335,"eventId":86,"name":"Condition","path":"Condition_-231695784","areaLeft":1005,"areaTop":127,"areaRight":1075,"areaBottom":200,"threshold":20,"detectionType":1,"shouldBeDetected":true},{"id":336,"eventId":86,"name":"Condition","path":"Condition_-1087136906","areaLeft":973,"areaTop":132,"areaRight":1076,"areaBottom":212,"threshold":20,"detectionType":1,"shouldBeDetected":true},{"id":337,"eventId":86,"name":"Condition","path":"Condition_-635020861","areaLeft":966,"areaTop":130,"areaRight":1080,"areaBottom":226,"threshold":20,"detectionType":1,"shouldBeDetected":true},{"id":338,"eventId":86,"name":"Condition","path":"Condition_-1511997833","areaLeft":946,"areaTop":200,"areaRight":1003,"areaBottom":254,"threshold":20,"detectionType":1,"shouldBeDetected":true},{"id":339,"eventId":86,"name":"Condition","path":"Condition_533530368","areaLeft":929,"areaTop":189,"areaRight":1019,"areaBottom":267,"threshold":20,"detectionType":1,"shouldBeDetected":true},{"id":340,"eventId":86,"name":"Condition","path":"Condition_293276684","areaLeft":977,"areaTop":146,"areaRight":1077,"areaBottom":208,"threshold":12,"detectionType":1,"shouldBeDetected":true},{"id":341,"eventId":86,"name":"Condition","path":"Condition_-832629471","areaLeft":941,"areaTop":196,"areaRight":1004,"areaBottom":261,"threshold":20,"detectionType":1,"shouldBeDetected":true},{"id":342,"eventId":86,"name":"Condition","path":"Condition_-1987952043","areaLeft":36,"areaTop":144,"areaRight":268,"areaBottom":273,"threshold":12,"detectionType":1,"shouldBeDetected":true},{"id":343,"eventId":86,"name":"Condition","path":"Condition_-388536005","areaLeft":978,"areaTop":168,"areaRight":1032,"areaBottom":228,"threshold":20,"detectionType":1,"shouldBeDetected":true},{"id":344,"eventId":86,"name":"Condition","path":"Condition_-341620266","areaLeft":950,"areaTop":207,"areaRight":997,"areaBottom":250,"threshold":20,"detectionType":1,"shouldBeDetected":true},{"id":345,"eventId":86,"name":"Condition","path":"Condition_1109074018","areaLeft":1002,"areaTop":127,"areaRight":1054,"areaBottom":191,"threshold":15,"detectionType":1,"shouldBeDetected":true},{"id":346,"eventId":86,"name":"Condition","path":"Condition_254900182","areaLeft":946,"areaTop":193,"areaRight":997,"areaBottom":260,"threshold":20,"detectionType":1,"shouldBeDetected":true},{"id":347,"eventId":86,"name":"Condition","path":"Condition_-435029129","areaLeft":999,"areaTop":166,"areaRight":1040,"areaBottom":200,"threshold":20,"detectionType":2,"shouldBeDetected":true},{"id":348,"eventId":86,"name":"Condition","path":"Condition_584363383","areaLeft":950,"areaTop":206,"areaRight":993,"areaBottom":250,"threshold":20,"detectionType":1,"shouldBeDetected":true},{"id":349,"eventId":86,"name":"Condition","path":"Condition_-1108835647","areaLeft":990,"areaTop":128,"areaRight":1076,"areaBottom":200,"threshold":20,"detectionType":1,"shouldBeDetected":true},{"id":350,"eventId":86,"name":"Condition","path":"Condition_-1204219391","areaLeft":960,"areaTop":237,"areaRight":1023,"areaBottom":303,"threshold":20,"detectionType":1,"shouldBeDetected":true},{"id":351,"eventId":86,"name":"Condition","path":"Condition_-513501744","areaLeft":993,"areaTop":53,"areaRight":1050,"areaBottom":119,"threshold":20,"detectionType":1,"shouldBeDetected":true},{"id":352,"eventId":86,"name":"Condition","path":"Condition_771296111","areaLeft":994,"areaTop":167,"areaRight":1045,"areaBottom":205,"threshold":20,"detectionType":1,"shouldBeDetected":true}]},{"event":{"id":87,"scenarioId":10,"name":"Google Video","conditionOperator":2,"priority":4},"actions":[{"action":{"id":149,"eventId":87,"name":"Click","type":"CLICK","x":729,"y":1352,"clickOnCondition":true,"pressDuration":1},"intentExtras":[]},{"action":{"id":150,"eventId":87,"priority":1,"name":"Wait","type":"PAUSE","pauseDuration":15000},"intentExtras":[]}],"conditions":[{"id":353,"eventId":87,"name":"Condition","path":"Condition_1681262597","areaLeft":616,"areaTop":1315,"areaRight":851,"areaBottom":1416,"threshold":20,"detectionType":2,"shouldBeDetected":true},{"id":354,"eventId":87,"name":"Condition","path":"Condition_2133364972","areaLeft":650,"areaTop":1315,"areaRight":884,"areaBottom":1431,"threshold":20,"detectionType":2,"shouldBeDetected":true},{"id":355,"eventId":87,"name":"Condition","path":"Condition_887010948","areaLeft":849,"areaTop":1290,"areaRight":985,"areaBottom":1385,"threshold":11,"detectionType":1,"shouldBeDetected":true}]},{"event":{"id":88,"scenarioId":10,"name":"Exit Store","conditionOperator":2,"priority":6},"actions":[{"action":{"id":151,"eventId":88,"name":"Click","type":"CLICK","x":83,"y":187,"clickOnCondition":false,"pressDuration":1},"intentExtras":[]},{"action":{"id":152,"eventId":88,"priority":1,"name":"Wait","type":"PAUSE","pauseDuration":3000},"intentExtras":[]},{"action":{"id":153,"eventId":88,"priority":2,"name":"Swipe","type":"SWIPE","fromX":11,"fromY":1182,"toX":847,"toY":1156,"swipeDuration":1000},"intentExtras":[]}],"conditions":[{"id":356,"eventId":88,"name":"Condition","path":"Condition_-331276228","areaLeft":31,"areaTop":161,"areaRight":472,"areaBottom":234,"threshold":9,"detectionType":1,"shouldBeDetected":true},{"id":357,"eventId":88,"name":"Condition","path":"Condition_1299038390","areaLeft":13,"areaTop":156,"areaRight":134,"areaBottom":224,"threshold":20,"detectionType":1,"shouldBeDetected":true}]},{"event":{"id":89,"scenarioId":10,"name":"No Revive","conditionOperator":1,"priority":2},"actions":[{"action":{"id":154,"eventId":89,"name":"Click","type":"CLICK","x":893,"y":664,"clickOnCondition":false,"pressDuration":1},"intentExtras":[]}],"conditions":[{"id":361,"eventId":89,"name":"Condition","path":"Condition_-1195295420","areaLeft":396,"areaTop":1253,"areaRight":684,"areaBottom":1339,"threshold":11,"detectionType":1,"shouldBeDetected":true}]},{"event":{"id":90,"scenarioId":10,"name":"Exit Web","conditionOperator":2,"priority":7},"actions":[{"action":{"id":155,"eventId":90,"name":"Swipe","type":"SWIPE","fromX":11,"fromY":1182,"toX":847,"toY":1156,"swipeDuration":1000},"intentExtras":[]},{"action":{"id":156,"eventId":90,"priority":1,"name":"Wait","type":"PAUSE","pauseDuration":5000},"intentExtras":[]}],"conditions":[{"id":359,"eventId":90,"name":"Condition","path":"Condition_932136616","areaLeft":25,"areaTop":147,"areaRight":113,"areaBottom":254,"threshold":9,"detectionType":1,"shouldBeDetected":true}]},{"event":{"id":91,"scenarioId":10,"name":"Ad for Depth","conditionOperator":1,"priority":0},"actions":[{"action":{"id":157,"eventId":91,"name":"Click","type":"CLICK","clickOnCondition":true,"pressDuration":1},"intentExtras":[]}],"conditions":[{"id":365,"eventId":91,"name":"Condition","path":"Condition_1289719726","areaLeft":424,"areaTop":1783,"areaRight":662,"areaBottom":1903,"threshold":9,"detectionType":1,"shouldBeDetected":true}]}],"endConditions":[]}}