{"version":11,"screenWidth":1080,"screenHeight":2340,"scenario":{"scenario":{"id":2,"name":"Kawaii","detectionQuality":1385,"endConditionOperator":2},"events":[{"event":{"id":10,"scenarioId":2,"name":"Ad for Depth","conditionOperator":2,"priority":0},"actions":[{"action":{"id":25,"eventId":10,"name":"Click","type":"CLICK","clickPositionType":"ON_DETECTED_CONDITION","pressDuration":1},"intentExtras":[]}],"conditions":[{"id":80,"eventId":10,"name":"Condition","path":"Condition_-864395305","areaLeft":435,"areaTop":1735,"areaRight":660,"areaBottom":1860,"threshold":12,"detectionType":1,"shouldBeDetected":true},{"id":83,"eventId":10,"name":"Condition","path":"Condition_1206980181","areaLeft":437,"areaTop":1742,"areaRight":645,"areaBottom":1851,"threshold":16,"detectionType":1,"shouldBeDetected":true}]},{"event":{"id":11,"scenarioId":2,"name":"Continue Game","conditionOperator":2,"priority":1},"actions":[{"action":{"id":26,"eventId":11,"name":"Click","type":"CLICK","clickPositionType":"USER_SELECTED","x":591,"y":1448,"pressDuration":1},"intentExtras":[]},{"action":{"id":27,"eventId":11,"priority":1,"name":"Wait","type":"PAUSE","pauseDuration":500},"intentExtras":[]}],"conditions":[{"id":79,"eventId":11,"name":"Condition","path":"Condition_1882122868","areaLeft":760,"areaTop":1759,"areaRight":933,"areaBottom":1876,"threshold":10,"detectionType":1,"shouldBeDetected":true},{"id":81,"eventId":11,"name":"Condition","path":"Condition_1920091559","areaLeft":760,"areaTop":1766,"areaRight":945,"areaBottom":1881,"threshold":11,"detectionType":1,"shouldBeDetected":true}]},{"event":{"id":13,"scenarioId":2,"name":"Claim or No Thanks","conditionOperator":2,"priority":2},"actions":[{"action":{"id":29,"eventId":13,"name":"Click","type":"CLICK","clickPositionType":"ON_DETECTED_CONDITION","pressDuration":1},"intentExtras":[]},{"action":{"id":30,"eventId":13,"priority":1,"name":"Wait","type":"PAUSE","pauseDuration":3000},"intentExtras":[]}],"conditions":[{"id":77,"eventId":13,"name":"Condition","path":"Condition_-1486734992","areaLeft":407,"areaTop":1397,"areaRight":673,"areaBottom":1473,"threshold":12,"detectionType":1,"shouldBeDetected":true},{"id":78,"eventId":13,"name":"Condition","path":"Condition_689895114","areaLeft":424,"areaTop":1195,"areaRight":663,"areaBottom":1262,"threshold":11,"detectionType":2,"shouldBeDetected":true},{"id":82,"eventId":13,"name":"Condition","path":"Condition_-729624735","areaLeft":394,"areaTop":1680,"areaRight":692,"areaBottom":1740,"threshold":13,"detectionType":1,"shouldBeDetected":true},{"id":84,"eventId":13,"name":"Condition","path":"Condition_-2081931264","areaLeft":416,"areaTop":1188,"areaRight":665,"areaBottom":1262,"threshold":10,"detectionType":2,"shouldBeDetected":true}]},{"event":{"id":14,"scenarioId":2,"name":"Forced Ad","conditionOperator":1,"priority":3},"actions":[{"action":{"id":31,"eventId":14,"name":"Click","type":"CLICK","clickPositionType":"USER_SELECTED","x":535,"y":1221,"pressDuration":1},"intentExtras":[]}],"conditions":[{"id":87,"eventId":14,"name":"Condition","path":"Condition_-431397943","areaLeft":499,"areaTop":1562,"areaRight":585,"areaBottom":1628,"threshold":9,"detectionType":2,"shouldBeDetected":true},{"id":88,"eventId":14,"name":"Condition","path":"Condition_661086252","areaLeft":434,"areaTop":1434,"areaRight":644,"areaBottom":1491,"threshold":12,"detectionType":2,"shouldBeDetected":true}]},{"event":{"id":15,"scenarioId":2,"name":"Google Video","conditionOperator":2,"priority":4},"actions":[{"action":{"id":32,"eventId":15,"name":"Click","type":"CLICK","clickPositionType":"ON_DETECTED_CONDITION","clickOnConditionId":27,"pressDuration":1},"intentExtras":[]},{"action":{"id":33,"eventId":15,"priority":1,"name":"Wait","type":"PAUSE","pauseDuration":15000},"intentExtras":[]}],"conditions":[{"id":27,"eventId":15,"name":"Condition","path":"Condition_1681262597","areaLeft":616,"areaTop":1315,"areaRight":851,"areaBottom":1416,"threshold":20,"detectionType":2,"shouldBeDetected":true},{"id":28,"eventId":15,"name":"Condition","path":"Condition_2133364972","areaLeft":650,"areaTop":1315,"areaRight":884,"areaBottom":1431,"threshold":20,"detectionType":2,"shouldBeDetected":true},{"id":29,"eventId":15,"name":"Condition","path":"Condition_887010948","areaLeft":849,"areaTop":1290,"areaRight":985,"areaBottom":1385,"threshold":16,"detectionType":2,"shouldBeDetected":true}]},{"event":{"id":16,"scenarioId":2,"name":"Exit Web","conditionOperator":2,"priority":5},"actions":[{"action":{"id":34,"eventId":16,"name":"Swipe","type":"SWIPE","fromX":11,"fromY":1182,"toX":847,"toY":1156,"swipeDuration":1000},"intentExtras":[]},{"action":{"id":35,"eventId":16,"priority":1,"name":"Wait","type":"PAUSE","pauseDuration":5000},"intentExtras":[]}],"conditions":[{"id":30,"eventId":16,"name":"Condition","path":"Condition_932136616","areaLeft":25,"areaTop":147,"areaRight":113,"areaBottom":254,"threshold":16,"detectionType":2,"shouldBeDetected":true}]},{"event":{"id":17,"scenarioId":2,"name":"Exit Store","conditionOperator":2,"priority":6},"actions":[{"action":{"id":36,"eventId":17,"name":"Click","type":"CLICK","clickPositionType":"USER_SELECTED","x":83,"y":187,"pressDuration":1},"intentExtras":[]},{"action":{"id":37,"eventId":17,"priority":1,"name":"Wait","type":"PAUSE","pauseDuration":3000},"intentExtras":[]},{"action":{"id":38,"eventId":17,"priority":2,"name":"Swipe","type":"SWIPE","fromX":11,"fromY":1182,"toX":847,"toY":1156,"swipeDuration":1000},"intentExtras":[]}],"conditions":[{"id":31,"eventId":17,"name":"Condition","path":"Condition_-331276228","areaLeft":31,"areaTop":161,"areaRight":472,"areaBottom":234,"threshold":12,"detectionType":2,"shouldBeDetected":true},{"id":32,"eventId":17,"name":"Condition","path":"Condition_1765318767","areaLeft":46,"areaTop":939,"areaRight":374,"areaBottom":1024,"threshold":15,"detectionType":2,"shouldBeDetected":true},{"id":33,"eventId":17,"name":"Condition","path":"Condition_299214881","areaLeft":18,"areaTop":158,"areaRight":480,"areaBottom":240,"threshold":8,"detectionType":2,"shouldBeDetected":true},{"id":73,"eventId":17,"name":"Condition","path":"Condition_445414053","areaLeft":46,"areaTop":185,"areaRight":510,"areaBottom":248,"threshold":9,"detectionType":1,"shouldBeDetected":true}]},{"event":{"id":18,"scenarioId":2,"name":"Close Ads - X","conditionOperator":2,"priority":7},"actions":[{"action":{"id":39,"eventId":18,"name":"Click","type":"CLICK","clickPositionType":"ON_DETECTED_CONDITION","pressDuration":1},"intentExtras":[]},{"action":{"id":40,"eventId":18,"priority":1,"name":"Wait","type":"PAUSE","pauseDuration":3000},"intentExtras":[]}],"conditions":[{"id":34,"eventId":18,"name":"Condition","path":"Condition_1310800920","areaLeft":982,"areaTop":145,"areaRight":1057,"areaBottom":221,"threshold":20,"detectionType":2,"shouldBeDetected":true},{"id":35,"eventId":18,"name":"Condition","path":"Condition_-1606092686","areaLeft":991,"areaTop":169,"areaRight":1044,"areaBottom":216,"threshold":20,"detectionType":2,"shouldBeDetected":true},{"id":36,"eventId":18,"name":"Condition","path":"Condition_-721340377","areaLeft":32,"areaTop":162,"areaRight":91,"areaBottom":216,"threshold":20,"detectionType":2,"shouldBeDetected":true},{"id":37,"eventId":18,"name":"Condition","path":"Condition_2014973084","areaLeft":962,"areaTop":163,"areaRight":1058,"areaBottom":236,"threshold":20,"detectionType":2,"shouldBeDetected":true},{"id":38,"eventId":18,"name":"Condition","path":"Condition_-1371469415","areaLeft":1010,"areaTop":134,"areaRight":1078,"areaBottom":211,"threshold":16,"detectionType":2,"shouldBeDetected":true},{"id":39,"eventId":18,"name":"Condition","path":"Condition_-556393927","areaLeft":62,"areaTop":183,"areaRight":251,"areaBottom":253,"threshold":19,"detectionType":2,"shouldBeDetected":true},{"id":75,"eventId":18,"name":"Condition","path":"Condition_-1477022605","areaLeft":472,"areaTop":1441,"areaRight":605,"areaBottom":1512,"threshold":15,"detectionType":1,"shouldBeDetected":true},{"id":76,"eventId":18,"name":"Condition","path":"Condition_-1660557848","areaLeft":0,"areaTop":131,"areaRight":94,"areaBottom":221,"threshold":18,"detectionType":1,"shouldBeDetected":true},{"id":89,"eventId":18,"name":"Condition","path":"Condition_81637794","areaLeft":967,"areaTop":266,"areaRight":1008,"areaBottom":308,"threshold":11,"detectionType":2,"shouldBeDetected":true},{"id":90,"eventId":18,"name":"Condition","path":"Condition_-1066634670","areaLeft":998,"areaTop":175,"areaRight":1043,"areaBottom":220,"threshold":15,"detectionType":2,"shouldBeDetected":true}]},{"event":{"id":19,"scenarioId":2,"name":"Close Ads- Arrow","conditionOperator":2,"priority":8},"actions":[{"action":{"id":41,"eventId":19,"name":"Click","type":"CLICK","clickPositionType":"ON_DETECTED_CONDITION","clickOnConditionId":40,"pressDuration":1},"intentExtras":[]},{"action":{"id":42,"eventId":19,"priority":1,"name":"Wait","type":"PAUSE","pauseDuration":3000},"intentExtras":[]}],"conditions":[{"id":40,"eventId":19,"name":"Condition","path":"Condition_-1580140307","areaLeft":998,"areaTop":168,"areaRight":1039,"areaBottom":220,"threshold":20,"detectionType":2,"shouldBeDetected":true},{"id":41,"eventId":19,"name":"Condition","path":"Condition_-1802604686","areaLeft":993,"areaTop":160,"areaRight":1052,"areaBottom":230,"threshold":15,"detectionType":2,"shouldBeDetected":true},{"id":42,"eventId":19,"name":"Condition","path":"Condition_1332361846","areaLeft":973,"areaTop":156,"areaRight":1059,"areaBottom":232,"threshold":17,"detectionType":2,"shouldBeDetected":true},{"id":43,"eventId":19,"name":"Condition","path":"Condition_-377720872","areaLeft":998,"areaTop":159,"areaRight":1054,"areaBottom":217,"threshold":20,"detectionType":2,"shouldBeDetected":true}]}],"endConditions":[]}}