{"version":12,"screenWidth":1080,"screenHeight":2340,"scenario":{"scenario":{"id":1,"name":"Save the Pets","detectionQuality":1440,"endConditionOperator":2},"events":[{"event":{"id":1,"scenarioId":1,"name":"Ad for Depth","conditionOperator":1,"priority":0},"actions":[{"action":{"id":1,"eventId":1,"name":"Click","type":"CLICK","clickPositionType":"ON_DETECTED_CONDITION","clickOnConditionId":1,"pressDuration":1},"intentExtras":[]},{"action":{"id":2,"eventId":1,"priority":1,"name":"Wait","type":"PAUSE","pauseDuration":40000},"intentExtras":[]},{"action":{"id":3,"eventId":1,"priority":2,"name":"Toggle event","type":"TOGGLE_EVENT","toggleEventId":4,"toggleEventType":"ENABLE"},"intentExtras":[]}],"conditions":[{"id":1,"eventId":1,"name":"Condition","path":"Condition_1815063664","areaLeft":406,"areaTop":1789,"areaRight":668,"areaBottom":1906,"threshold":15,"detectionType":3,"shouldBeDetected":true,"detectionAreaLeft":406,"detectionAreaTop":1710,"detectionAreaRight":668,"detectionAreaBottom":1982}]},{"event":{"id":2,"scenarioId":1,"name":"Continue Game","conditionOperator":2,"priority":1},"actions":[{"action":{"id":4,"eventId":2,"name":"Click","type":"CLICK","clickPositionType":"USER_SELECTED","x":591,"y":1448,"pressDuration":1},"intentExtras":[]},{"action":{"id":5,"eventId":2,"priority":1,"name":"Wait","type":"PAUSE","pauseDuration":3000},"intentExtras":[]}],"conditions":[{"id":2,"eventId":2,"name":"Condition","path":"Condition_2132691842","areaLeft":744,"areaTop":1806,"areaRight":934,"areaBottom":1917,"threshold":18,"detectionType":1,"shouldBeDetected":true},{"id":3,"eventId":2,"name":"Condition","path":"Condition_-976755686","areaLeft":750,"areaTop":1819,"areaRight":932,"areaBottom":1928,"threshold":12,"detectionType":3,"shouldBeDetected":true,"detectionAreaLeft":742,"detectionAreaTop":1752,"detectionAreaRight":948,"detectionAreaBottom":2035},{"id":4,"eventId":2,"name":"Condition","path":"Condition_-757221293","areaLeft":755,"areaTop":1758,"areaRight":938,"areaBottom":1879,"threshold":4,"detectionType":3,"shouldBeDetected":true,"detectionAreaLeft":755,"detectionAreaTop":1758,"detectionAreaRight":938,"detectionAreaBottom":2032}]},{"event":{"id":3,"scenarioId":1,"name":"Claim or No Thanks","conditionOperator":2,"priority":2},"actions":[{"action":{"id":6,"eventId":3,"name":"Click","type":"CLICK","clickPositionType":"ON_DETECTED_CONDITION","pressDuration":1},"intentExtras":[]},{"action":{"id":7,"eventId":3,"priority":1,"name":"Wait","type":"PAUSE","pauseDuration":3000},"intentExtras":[]}],"conditions":[{"id":5,"eventId":3,"name":"Condition","path":"Condition_-1961538053","areaLeft":354,"areaTop":1206,"areaRight":722,"areaBottom":1305,"threshold":18,"detectionType":2,"shouldBeDetected":true},{"id":6,"eventId":3,"name":"Condition","path":"Condition_-1791866872","areaLeft":444,"areaTop":1224,"areaRight":639,"areaBottom":1289,"threshold":19,"detectionType":1,"shouldBeDetected":true},{"id":7,"eventId":3,"name":"Condition","path":"Condition_-1126326983","areaLeft":404,"areaTop":1392,"areaRight":672,"areaBottom":1465,"threshold":4,"detectionType":3,"shouldBeDetected":true,"detectionAreaLeft":283,"detectionAreaTop":1392,"detectionAreaRight":821,"detectionAreaBottom":1465}]},{"event":{"id":4,"scenarioId":1,"name":"Game Lock","conditionOperator":1,"priority":4},"actions":[{"action":{"id":8,"eventId":4,"name":"Swipe","type":"SWIPE","fromX":548,"fromY":2330,"toX":501,"toY":386,"swipeDuration":250},"intentExtras":[]},{"action":{"id":10,"eventId":4,"priority":1,"name":"Wait","type":"PAUSE","pauseDuration":500},"intentExtras":[]},{"action":{"id":16,"eventId":4,"priority":2,"name":"Click","type":"CLICK","clickPositionType":"USER_SELECTED","x":540,"y":2273,"pressDuration":1},"intentExtras":[]},{"action":{"id":17,"eventId":4,"priority":3,"name":"Wait","type":"PAUSE","pauseDuration":2000},"intentExtras":[]}],"conditions":[{"id":8,"eventId":4,"name":"Condition","path":"Condition_885638983","areaLeft":2,"areaTop":594,"areaRight":1044,"areaBottom":1027,"threshold":4,"detectionType":1,"shouldBeDetected":false}]},{"event":{"id":5,"scenarioId":1,"name":"click icon","conditionOperator":1,"priority":3},"actions":[{"action":{"id":12,"eventId":5,"name":"Click","type":"CLICK","clickPositionType":"ON_DETECTED_CONDITION","clickOnConditionId":9,"pressDuration":1},"intentExtras":[]},{"action":{"id":13,"eventId":5,"priority":1,"name":"Wait","type":"PAUSE","pauseDuration":2000},"intentExtras":[]},{"action":{"id":19,"eventId":5,"priority":2,"name":"Toggle event","type":"TOGGLE_EVENT","toggleEventId":4,"toggleEventType":"DISABLE"},"intentExtras":[]}],"conditions":[{"id":9,"eventId":5,"name":"Condition","path":"Condition_-290591523","areaLeft":664,"areaTop":831,"areaRight":820,"areaBottom":993,"threshold":10,"detectionType":3,"shouldBeDetected":true,"detectionAreaLeft":84,"detectionAreaTop":831,"detectionAreaRight":1005,"detectionAreaBottom":993}]}],"endConditions":[]}}