{"version":9,"screenWidth":1080,"screenHeight":2400,"scenario":{"scenario":{"id":11,"name":"Save the Pets","detectionQuality":840,"endConditionOperator":2},"events":[{"event":{"id":94,"scenarioId":11,"name":"Claim or No Thanks","conditionOperator":2,"priority":2},"actions":[{"action":{"id":160,"eventId":94,"name":"Click","type":"CLICK","x":563,"y":1224,"clickOnCondition":true,"pressDuration":1},"intentExtras":[]},{"action":{"id":161,"eventId":94,"priority":1,"name":"Wait","type":"PAUSE","pauseDuration":3000},"intentExtras":[]}],"conditions":[{"id":481,"eventId":94,"name":"Condition","path":"Condition_-1961538053","areaLeft":354,"areaTop":1206,"areaRight":722,"areaBottom":1305,"threshold":18,"detectionType":2,"shouldBeDetected":true},{"id":907,"eventId":94,"name":"Condition","path":"Condition_371651802","areaLeft":405,"areaTop":1429,"areaRight":677,"areaBottom":1501,"threshold":17,"detectionType":1,"shouldBeDetected":true},{"id":910,"eventId":94,"name":"Condition","path":"Condition_-1791866872","areaLeft":444,"areaTop":1224,"areaRight":639,"areaBottom":1289,"threshold":19,"detectionType":1,"shouldBeDetected":true}]},{"event":{"id":95,"scenarioId":11,"name":"Ad for Depth","conditionOperator":1,"priority":0},"actions":[{"action":{"id":162,"eventId":95,"name":"Click","type":"CLICK","clickOnCondition":true,"pressDuration":1},"intentExtras":[]},{"action":{"id":163,"eventId":95,"priority":1,"name":"Wait","type":"PAUSE","pauseDuration":3000},"intentExtras":[]}],"conditions":[{"id":916,"eventId":95,"name":"Condition","path":"Condition_1815063664","areaLeft":406,"areaTop":1789,"areaRight":668,"areaBottom":1906,"threshold":15,"detectionType":1,"shouldBeDetected":true}]},{"event":{"id":96,"scenarioId":11,"name":"Continue Game","conditionOperator":2,"priority":1},"actions":[{"action":{"id":164,"eventId":96,"name":"Click","type":"CLICK","x":591,"y":1448,"clickOnCondition":false,"pressDuration":1},"intentExtras":[]},{"action":{"id":165,"eventId":96,"priority":1,"name":"Wait","type":"PAUSE","pauseDuration":3000},"intentExtras":[]}],"conditions":[{"id":480,"eventId":96,"name":"Condition","path":"Condition_-865807845","areaLeft":735,"areaTop":1797,"areaRight":949,"areaBottom":1927,"threshold":17,"detectionType":2,"shouldBeDetected":true},{"id":909,"eventId":96,"name":"Condition","path":"Condition_806932359","areaLeft":753,"areaTop":1796,"areaRight":938,"areaBottom":1920,"threshold":19,"detectionType":1,"shouldBeDetected":true},{"id":912,"eventId":96,"name":"Condition","path":"Condition_2132691842","areaLeft":744,"areaTop":1806,"areaRight":934,"areaBottom":1917,"threshold":18,"detectionType":1,"shouldBeDetected":true},{"id":915,"eventId":96,"name":"Condition","path":"Condition_-976755686","areaLeft":750,"areaTop":1819,"areaRight":932,"areaBottom":1928,"threshold":12,"detectionType":1,"shouldBeDetected":true}]},{"event":{"id":98,"scenarioId":11,"name":"Google Video","conditionOperator":2,"priority":3},"actions":[{"action":{"id":168,"eventId":98,"name":"Click","type":"CLICK","x":729,"y":1352,"clickOnCondition":true,"pressDuration":1},"intentExtras":[]},{"action":{"id":169,"eventId":98,"priority":1,"name":"Wait","type":"PAUSE","pauseDuration":15000},"intentExtras":[]}],"conditions":[{"id":473,"eventId":98,"name":"Condition","path":"Condition_1681262597","areaLeft":616,"areaTop":1315,"areaRight":851,"areaBottom":1416,"threshold":20,"detectionType":2,"shouldBeDetected":true},{"id":474,"eventId":98,"name":"Condition","path":"Condition_2133364972","areaLeft":650,"areaTop":1315,"areaRight":884,"areaBottom":1431,"threshold":20,"detectionType":2,"shouldBeDetected":true},{"id":475,"eventId":98,"name":"Condition","path":"Condition_887010948","areaLeft":849,"areaTop":1290,"areaRight":985,"areaBottom":1385,"threshold":19,"detectionType":2,"shouldBeDetected":true}]},{"event":{"id":99,"scenarioId":11,"name":"Exit Store","conditionOperator":2,"priority":6},"actions":[{"action":{"id":170,"eventId":99,"name":"Click","type":"CLICK","x":83,"y":187,"clickOnCondition":false,"pressDuration":1},"intentExtras":[]},{"action":{"id":171,"eventId":99,"priority":1,"name":"Wait","type":"PAUSE","pauseDuration":3000},"intentExtras":[]},{"action":{"id":172,"eventId":99,"priority":2,"name":"Swipe","type":"SWIPE","fromX":11,"fromY":1182,"toX":847,"toY":1156,"swipeDuration":1000},"intentExtras":[]}],"conditions":[{"id":476,"eventId":99,"name":"Condition","path":"Condition_-331276228","areaLeft":31,"areaTop":161,"areaRight":472,"areaBottom":234,"threshold":17,"detectionType":2,"shouldBeDetected":true},{"id":477,"eventId":99,"name":"Condition","path":"Condition_1299038390","areaLeft":13,"areaTop":156,"areaRight":134,"areaBottom":224,"threshold":20,"detectionType":1,"shouldBeDetected":true},{"id":881,"eventId":99,"name":"Condition","path":"Condition_-1741706436","areaLeft":44,"areaTop":158,"areaRight":445,"areaBottom":271,"threshold":4,"detectionType":1,"shouldBeDetected":true}]},{"event":{"id":101,"scenarioId":11,"name":"Exit Web","conditionOperator":2,"priority":7},"actions":[{"action":{"id":174,"eventId":101,"name":"Swipe","type":"SWIPE","fromX":11,"fromY":1182,"toX":847,"toY":1156,"swipeDuration":1000},"intentExtras":[]},{"action":{"id":175,"eventId":101,"priority":1,"name":"Wait","type":"PAUSE","pauseDuration":5000},"intentExtras":[]}],"conditions":[{"id":479,"eventId":101,"name":"Condition","path":"Condition_932136616","areaLeft":25,"areaTop":147,"areaRight":113,"areaBottom":254,"threshold":9,"detectionType":1,"shouldBeDetected":true}]},{"event":{"id":102,"scenarioId":11,"name":"Close Ads - Arrow","conditionOperator":2,"priority":5},"actions":[{"action":{"id":176,"eventId":102,"name":"Click","type":"CLICK","clickOnCondition":true,"pressDuration":1},"intentExtras":[]},{"action":{"id":177,"eventId":102,"priority":1,"name":"Wait","type":"PAUSE","pauseDuration":2000},"intentExtras":[]}],"conditions":[{"id":484,"eventId":102,"name":"Condition","path":"Condition_1284411933","areaLeft":980,"areaTop":161,"areaRight":1053,"areaBottom":215,"threshold":20,"detectionType":2,"shouldBeDetected":true},{"id":485,"eventId":102,"name":"Condition","path":"Condition_597033595","areaLeft":38,"areaTop":165,"areaRight":107,"areaBottom":255,"threshold":4,"detectionType":2,"shouldBeDetected":true},{"id":486,"eventId":102,"name":"Condition","path":"Condition_719450850","areaLeft":987,"areaTop":166,"areaRight":1055,"areaBottom":229,"threshold":20,"detectionType":2,"shouldBeDetected":true},{"id":487,"eventId":102,"name":"Condition","path":"Condition_-277535070","areaLeft":988,"areaTop":163,"areaRight":1053,"areaBottom":219,"threshold":16,"detectionType":2,"shouldBeDetected":true},{"id":488,"eventId":102,"name":"Condition","path":"Condition_-890685260","areaLeft":981,"areaTop":156,"areaRight":1053,"areaBottom":227,"threshold":20,"detectionType":2,"shouldBeDetected":true},{"id":489,"eventId":102,"name":"Condition","path":"Condition_-949727171","areaLeft":984,"areaTop":171,"areaRight":1060,"areaBottom":220,"threshold":20,"detectionType":2,"shouldBeDetected":true},{"id":573,"eventId":102,"name":"Condition","path":"Condition_-1703920593","areaLeft":978,"areaTop":152,"areaRight":1061,"areaBottom":231,"threshold":15,"detectionType":2,"shouldBeDetected":true},{"id":579,"eventId":102,"name":"Condition","path":"Condition_1945180578","areaLeft":999,"areaTop":165,"areaRight":1057,"areaBottom":213,"threshold":17,"detectionType":2,"shouldBeDetected":true},{"id":581,"eventId":102,"name":"Condition","path":"Condition_1421308436","areaLeft":995,"areaTop":160,"areaRight":1059,"areaBottom":208,"threshold":20,"detectionType":2,"shouldBeDetected":true},{"id":586,"eventId":102,"name":"Condition","path":"Condition_1922975350","areaLeft":995,"areaTop":160,"areaRight":1053,"areaBottom":209,"threshold":19,"detectionType":2,"shouldBeDetected":true},{"id":687,"eventId":102,"name":"Condition","path":"Condition_-702640146","areaLeft":996,"areaTop":158,"areaRight":1055,"areaBottom":219,"threshold":20,"detectionType":2,"shouldBeDetected":true},{"id":691,"eventId":102,"name":"Condition","path":"Condition_-339244352","areaLeft":953,"areaTop":165,"areaRight":1062,"areaBottom":251,"threshold":12,"detectionType":2,"shouldBeDetected":true},{"id":692,"eventId":102,"name":"Condition","path":"Condition_434763884","areaLeft":953,"areaTop":161,"areaRight":1056,"areaBottom":256,"threshold":15,"detectionType":2,"shouldBeDetected":true},{"id":697,"eventId":102,"name":"Condition","path":"Condition_925105838","areaLeft":993,"areaTop":153,"areaRight":1057,"areaBottom":242,"threshold":12,"detectionType":2,"shouldBeDetected":true},{"id":700,"eventId":102,"name":"Condition","path":"Condition_620419592","areaLeft":974,"areaTop":146,"areaRight":1055,"areaBottom":238,"threshold":20,"detectionType":2,"shouldBeDetected":true},{"id":702,"eventId":102,"name":"Condition","path":"Condition_-120640393","areaLeft":989,"areaTop":165,"areaRight":1042,"areaBottom":222,"threshold":19,"detectionType":2,"shouldBeDetected":true},{"id":858,"eventId":102,"name":"Condition","path":"Condition_-1413676777","areaLeft":991,"areaTop":153,"areaRight":1060,"areaBottom":227,"threshold":18,"detectionType":2,"shouldBeDetected":true},{"id":883,"eventId":102,"name":"Condition","path":"Condition_-1015111420","areaLeft":946,"areaTop":162,"areaRight":1047,"areaBottom":262,"threshold":19,"detectionType":1,"shouldBeDetected":true}]},{"event":{"id":113,"scenarioId":11,"name":"Close Ads - X","conditionOperator":2,"priority":4},"actions":[{"action":{"id":198,"eventId":113,"name":"Click","type":"CLICK","clickOnCondition":true,"pressDuration":1},"intentExtras":[]},{"action":{"id":199,"eventId":113,"priority":1,"name":"Wait","type":"PAUSE","pauseDuration":2000},"intentExtras":[]}],"conditions":[{"id":572,"eventId":113,"name":"Close Marker ","path":"Condition_-2111938916","areaLeft":972,"areaTop":132,"areaRight":1077,"areaBottom":217,"threshold":20,"detectionType":2,"shouldBeDetected":true},{"id":574,"eventId":113,"name":"Condition","path":"Condition_-1680748777","areaLeft":38,"areaTop":159,"areaRight":91,"areaBottom":226,"threshold":12,"detectionType":2,"shouldBeDetected":true},{"id":575,"eventId":113,"name":"Condition","path":"Condition_1769436517","areaLeft":951,"areaTop":237,"areaRight":1030,"areaBottom":314,"threshold":18,"detectionType":2,"shouldBeDetected":true},{"id":576,"eventId":113,"name":"Condition","path":"Condition_-142641994","areaLeft":964,"areaTop":249,"areaRight":1023,"areaBottom":294,"threshold":18,"detectionType":2,"shouldBeDetected":true},{"id":577,"eventId":113,"name":"Condition","path":"Condition_1878776292","areaLeft":963,"areaTop":239,"areaRight":1025,"areaBottom":305,"threshold":20,"detectionType":2,"shouldBeDetected":true},{"id":578,"eventId":113,"name":"Condition","path":"Condition_-490398145","areaLeft":962,"areaTop":248,"areaRight":1032,"areaBottom":301,"threshold":20,"detectionType":2,"shouldBeDetected":true},{"id":580,"eventId":113,"name":"Condition","path":"Condition_-1812447530","areaLeft":61,"areaTop":185,"areaRight":253,"areaBottom":247,"threshold":20,"detectionType":2,"shouldBeDetected":true},{"id":582,"eventId":113,"name":"Condition","path":"Condition_174922066","areaLeft":37,"areaTop":134,"areaRight":265,"areaBottom":288,"threshold":20,"detectionType":2,"shouldBeDetected":true},{"id":583,"eventId":113,"name":"Condition","path":"Condition_-821929462","areaLeft":967,"areaTop":165,"areaRight":1046,"areaBottom":243,"threshold":20,"detectionType":2,"shouldBeDetected":true},{"id":584,"eventId":113,"name":"Condition","path":"Condition_-1350969734","areaLeft":957,"areaTop":236,"areaRight":1032,"areaBottom":309,"threshold":20,"detectionType":2,"shouldBeDetected":true},{"id":585,"eventId":113,"name":"Condition","path":"Condition_-1453161563","areaLeft":1002,"areaTop":155,"areaRight":1054,"areaBottom":204,"threshold":17,"detectionType":2,"shouldBeDetected":true},{"id":587,"eventId":113,"name":"Condition","path":"Condition_2041735950","areaLeft":51,"areaTop":177,"areaRight":253,"areaBottom":258,"threshold":17,"detectionType":2,"shouldBeDetected":true},{"id":688,"eventId":113,"name":"Condition","path":"Condition_1367759677","areaLeft":999,"areaTop":154,"areaRight":1050,"areaBottom":215,"threshold":18,"detectionType":2,"shouldBeDetected":true},{"id":689,"eventId":113,"name":"Condition","path":"Condition_232602452","areaLeft":967,"areaTop":176,"areaRight":1042,"areaBottom":239,"threshold":18,"detectionType":2,"shouldBeDetected":true},{"id":690,"eventId":113,"name":"Condition","path":"Condition_813709148","areaLeft":938,"areaTop":181,"areaRight":1023,"areaBottom":277,"threshold":17,"detectionType":2,"shouldBeDetected":true},{"id":693,"eventId":113,"name":"Condition","path":"Condition_-1485034300","areaLeft":939,"areaTop":185,"areaRight":1025,"areaBottom":271,"threshold":18,"detectionType":2,"shouldBeDetected":true},{"id":694,"eventId":113,"name":"Condition","path":"Condition_2047827287","areaLeft":108,"areaTop":191,"areaRight":247,"areaBottom":245,"threshold":17,"detectionType":2,"shouldBeDetected":true},{"id":695,"eventId":113,"name":"Condition","path":"Condition_-371224827","areaLeft":1012,"areaTop":145,"areaRight":1068,"areaBottom":203,"threshold":17,"detectionType":2,"shouldBeDetected":true},{"id":696,"eventId":113,"name":"Condition","path":"Condition_-1999116515","areaLeft":938,"areaTop":237,"areaRight":1052,"areaBottom":310,"threshold":17,"detectionType":2,"shouldBeDetected":true},{"id":699,"eventId":113,"name":"Condition","path":"Condition_-281657152","areaLeft":92,"areaTop":191,"areaRight":264,"areaBottom":247,"threshold":17,"detectionType":2,"shouldBeDetected":true},{"id":703,"eventId":113,"name":"Condition","path":"Condition_-1448204846","areaLeft":971,"areaTop":170,"areaRight":1043,"areaBottom":258,"threshold":17,"detectionType":2,"shouldBeDetected":true},{"id":704,"eventId":113,"name":"Condition","path":"Condition_-277972411","areaLeft":974,"areaTop":166,"areaRight":1036,"areaBottom":237,"threshold":18,"detectionType":2,"shouldBeDetected":true},{"id":882,"eventId":113,"name":"Condition","path":"Condition_-1494664245","areaLeft":953,"areaTop":228,"areaRight":1035,"areaBottom":319,"threshold":4,"detectionType":1,"shouldBeDetected":true},{"id":884,"eventId":113,"name":"Condition","path":"Condition_-1508109371","areaLeft":961,"areaTop":173,"areaRight":1047,"areaBottom":233,"threshold":4,"detectionType":1,"shouldBeDetected":true},{"id":911,"eventId":113,"name":"Condition","path":"Condition_224873529","areaLeft":955,"areaTop":172,"areaRight":1035,"areaBottom":259,"threshold":16,"detectionType":1,"shouldBeDetected":true},{"id":913,"eventId":113,"name":"Condition","path":"Condition_-369914434","areaLeft":1010,"areaTop":144,"areaRight":1076,"areaBottom":195,"threshold":16,"detectionType":1,"shouldBeDetected":true},{"id":914,"eventId":113,"name":"Condition","path":"Condition_206199799","areaLeft":0,"areaTop":124,"areaRight":83,"areaBottom":215,"threshold":13,"detectionType":1,"shouldBeDetected":true},{"id":918,"eventId":113,"name":"Condition","path":"Condition_1437497034","areaLeft":997,"areaTop":164,"areaRight":1041,"areaBottom":220,"threshold":15,"detectionType":1,"shouldBeDetected":true}]}],"endConditions":[]}}