{"version":9,"screenWidth":1080,"screenHeight":2400,"scenario":{"scenario":{"id":3,"name":"Eat Repeat","detectionQuality":785,"endConditionOperator":2},"events":[{"event":{"id":12,"scenarioId":3,"name":"Claim or No Thanks","conditionOperator":2,"priority":3},"actions":[{"action":{"id":21,"eventId":12,"name":"Click","type":"CLICK","x":563,"y":1224,"clickOnCondition":true,"pressDuration":1},"intentExtras":[]},{"action":{"id":22,"eventId":12,"priority":1,"name":"Wait","type":"PAUSE","pauseDuration":3000},"intentExtras":[]}],"conditions":[{"id":39,"eventId":12,"name":"No Thanks logo","path":"Condition_-1076347914","areaLeft":379,"areaTop":1369,"areaRight":699,"areaBottom":1428,"threshold":20,"detectionType":2,"shouldBeDetected":true},{"id":67,"eventId":12,"name":"Condition","path":"Condition_1350097789","areaLeft":364,"areaTop":1169,"areaRight":719,"areaBottom":1270,"threshold":8,"detectionType":1,"shouldBeDetected":true},{"id":71,"eventId":12,"name":"Condition","path":"Condition_973422467","areaLeft":387,"areaTop":1182,"areaRight":707,"areaBottom":1312,"threshold":7,"detectionType":1,"shouldBeDetected":true}]},{"event":{"id":15,"scenarioId":3,"name":"Ad for Depth","conditionOperator":1,"priority":0},"actions":[{"action":{"id":26,"eventId":15,"name":"Click","type":"CLICK","clickOnCondition":true,"pressDuration":1},"intentExtras":[]},{"action":{"id":27,"eventId":15,"priority":1,"name":"Wait","type":"PAUSE","pauseDuration":3000},"intentExtras":[]}],"conditions":[{"id":70,"eventId":15,"name":"Condition","path":"Condition_-1756027100","areaLeft":417,"areaTop":1780,"areaRight":663,"areaBottom":1901,"threshold":6,"detectionType":1,"shouldBeDetected":true}]},{"event":{"id":16,"scenarioId":3,"name":"Continue Game","conditionOperator":2,"priority":1},"actions":[{"action":{"id":28,"eventId":16,"name":"Click","type":"CLICK","x":591,"y":1448,"clickOnCondition":false,"pressDuration":1},"intentExtras":[]},{"action":{"id":29,"eventId":16,"priority":1,"name":"Wait","type":"PAUSE","pauseDuration":3000},"intentExtras":[]}],"conditions":[{"id":68,"eventId":16,"name":"Condition","path":"Condition_-1132173868","areaLeft":745,"areaTop":1797,"areaRight":941,"areaBottom":1915,"threshold":4,"detectionType":1,"shouldBeDetected":true},{"id":69,"eventId":16,"name":"Condition","path":"Condition_1701677993","areaLeft":745,"areaTop":1798,"areaRight":939,"areaBottom":1921,"threshold":4,"detectionType":1,"shouldBeDetected":true},{"id":255,"eventId":16,"name":"Condition","path":"Condition_-13154872","areaLeft":728,"areaTop":1791,"areaRight":947,"areaBottom":1920,"threshold":12,"detectionType":1,"shouldBeDetected":true}]},{"event":{"id":17,"scenarioId":3,"name":"Close Ads","conditionOperator":2,"priority":5},"actions":[{"action":{"id":30,"eventId":17,"name":"Click","type":"CLICK","clickOnCondition":true,"pressDuration":100},"intentExtras":[]},{"action":{"id":31,"eventId":17,"priority":1,"name":"Wait","type":"PAUSE","pauseDuration":2000},"intentExtras":[]}],"conditions":[{"id":47,"eventId":17,"name":"Close Marker ","path":"Condition_-2111938916","areaLeft":972,"areaTop":132,"areaRight":1077,"areaBottom":217,"threshold":20,"detectionType":2,"shouldBeDetected":true},{"id":48,"eventId":17,"name":"Condition","path":"Condition_-1751591983","areaLeft":25,"areaTop":146,"areaRight":106,"areaBottom":218,"threshold":20,"detectionType":2,"shouldBeDetected":true},{"id":49,"eventId":17,"name":"Condition","path":"Condition_1310800920","areaLeft":982,"areaTop":145,"areaRight":1057,"areaBottom":221,"threshold":20,"detectionType":2,"shouldBeDetected":true},{"id":50,"eventId":17,"name":"Condition","path":"Condition_440882649","areaLeft":964,"areaTop":236,"areaRight":1025,"areaBottom":292,"threshold":20,"detectionType":2,"shouldBeDetected":true},{"id":51,"eventId":17,"name":"Condition","path":"Condition_1689274499","areaLeft":1006,"areaTop":143,"areaRight":1054,"areaBottom":203,"threshold":20,"detectionType":2,"shouldBeDetected":true},{"id":52,"eventId":17,"name":"Condition","path":"Condition_2012231470","areaLeft":986,"areaTop":127,"areaRight":1072,"areaBottom":202,"threshold":20,"detectionType":2,"shouldBeDetected":true},{"id":53,"eventId":17,"name":"Condition","path":"Condition_1937703155","areaLeft":983,"areaTop":172,"areaRight":1033,"areaBottom":217,"threshold":20,"detectionType":2,"shouldBeDetected":true},{"id":54,"eventId":17,"name":"Condition","path":"Condition_-811476126","areaLeft":976,"areaTop":110,"areaRight":1071,"areaBottom":238,"threshold":20,"detectionType":2,"shouldBeDetected":true},{"id":55,"eventId":17,"name":"Condition","path":"Condition_-1122840254","areaLeft":977,"areaTop":139,"areaRight":1054,"areaBottom":228,"threshold":20,"detectionType":2,"shouldBeDetected":true},{"id":56,"eventId":17,"name":"Condition","path":"Condition_-2002463305","areaLeft":981,"areaTop":148,"areaRight":1060,"areaBottom":214,"threshold":20,"detectionType":2,"shouldBeDetected":true},{"id":57,"eventId":17,"name":"Condition","path":"Condition_-187679490","areaLeft":954,"areaTop":789,"areaRight":1018,"areaBottom":865,"threshold":20,"detectionType":2,"shouldBeDetected":true},{"id":58,"eventId":17,"name":"Condition","path":"Condition_333672635","areaLeft":971,"areaTop":143,"areaRight":1061,"areaBottom":223,"threshold":19,"detectionType":2,"shouldBeDetected":true},{"id":72,"eventId":17,"name":"Condition","path":"Condition_-1050747995","areaLeft":942,"areaTop":195,"areaRight":997,"areaBottom":256,"threshold":20,"detectionType":2,"shouldBeDetected":true},{"id":73,"eventId":17,"name":"Condition","path":"Condition_1076357083","areaLeft":973,"areaTop":146,"areaRight":1058,"areaBottom":223,"threshold":20,"detectionType":2,"shouldBeDetected":true},{"id":74,"eventId":17,"name":"Condition","path":"Condition_629916722","areaLeft":947,"areaTop":135,"areaRight":1071,"areaBottom":233,"threshold":20,"detectionType":2,"shouldBeDetected":true},{"id":76,"eventId":17,"name":"Condition","path":"Condition_60708623","areaLeft":968,"areaTop":160,"areaRight":1043,"areaBottom":229,"threshold":20,"detectionType":2,"shouldBeDetected":true},{"id":150,"eventId":17,"name":"Condition","path":"Condition_563335043","areaLeft":991,"areaTop":138,"areaRight":1059,"areaBottom":209,"threshold":20,"detectionType":2,"shouldBeDetected":true},{"id":151,"eventId":17,"name":"Condition","path":"Condition_-588841662","areaLeft":956,"areaTop":227,"areaRight":1033,"areaBottom":302,"threshold":20,"detectionType":2,"shouldBeDetected":true},{"id":152,"eventId":17,"name":"Condition","path":"Condition_99780073","areaLeft":954,"areaTop":222,"areaRight":1032,"areaBottom":314,"threshold":20,"detectionType":2,"shouldBeDetected":true},{"id":153,"eventId":17,"name":"Condition","path":"Condition_-1624761421","areaLeft":1001,"areaTop":139,"areaRight":1058,"areaBottom":210,"threshold":20,"detectionType":2,"shouldBeDetected":true},{"id":154,"eventId":17,"name":"Condition","path":"Condition_1083450305","areaLeft":998,"areaTop":131,"areaRight":1080,"areaBottom":199,"threshold":20,"detectionType":2,"shouldBeDetected":true},{"id":155,"eventId":17,"name":"Condition","path":"Condition_1746012165","areaLeft":986,"areaTop":135,"areaRight":1055,"areaBottom":216,"threshold":20,"detectionType":2,"shouldBeDetected":true},{"id":158,"eventId":17,"name":"Condition","path":"Condition_-1068547060","areaLeft":986,"areaTop":141,"areaRight":1054,"areaBottom":213,"threshold":20,"detectionType":2,"shouldBeDetected":true},{"id":159,"eventId":17,"name":"Condition","path":"Condition_1553384349","areaLeft":14,"areaTop":134,"areaRight":70,"areaBottom":201,"threshold":19,"detectionType":1,"shouldBeDetected":true},{"id":188,"eventId":17,"name":"Condition","path":"Condition_963453974","areaLeft":1001,"areaTop":115,"areaRight":1080,"areaBottom":212,"threshold":20,"detectionType":1,"shouldBeDetected":true},{"id":247,"eventId":17,"name":"Condition","path":"Condition_-231695784","areaLeft":1005,"areaTop":127,"areaRight":1075,"areaBottom":200,"threshold":20,"detectionType":1,"shouldBeDetected":true},{"id":248,"eventId":17,"name":"Condition","path":"Condition_-1087136906","areaLeft":973,"areaTop":132,"areaRight":1076,"areaBottom":212,"threshold":20,"detectionType":1,"shouldBeDetected":true},{"id":249,"eventId":17,"name":"Condition","path":"Condition_-635020861","areaLeft":966,"areaTop":130,"areaRight":1080,"areaBottom":226,"threshold":20,"detectionType":1,"shouldBeDetected":true},{"id":250,"eventId":17,"name":"Condition","path":"Condition_-1511997833","areaLeft":946,"areaTop":200,"areaRight":1003,"areaBottom":254,"threshold":20,"detectionType":1,"shouldBeDetected":true},{"id":252,"eventId":17,"name":"Condition","path":"Condition_533530368","areaLeft":929,"areaTop":189,"areaRight":1019,"areaBottom":267,"threshold":20,"detectionType":1,"shouldBeDetected":true},{"id":254,"eventId":17,"name":"Condition","path":"Condition_293276684","areaLeft":977,"areaTop":146,"areaRight":1077,"areaBottom":208,"threshold":12,"detectionType":1,"shouldBeDetected":true},{"id":256,"eventId":17,"name":"Condition","path":"Condition_-832629471","areaLeft":941,"areaTop":196,"areaRight":1004,"areaBottom":261,"threshold":20,"detectionType":1,"shouldBeDetected":true},{"id":257,"eventId":17,"name":"Condition","path":"Condition_-1987952043","areaLeft":36,"areaTop":144,"areaRight":268,"areaBottom":273,"threshold":12,"detectionType":1,"shouldBeDetected":true},{"id":274,"eventId":17,"name":"Condition","path":"Condition_-388536005","areaLeft":978,"areaTop":168,"areaRight":1032,"areaBottom":228,"threshold":20,"detectionType":1,"shouldBeDetected":true},{"id":275,"eventId":17,"name":"Condition","path":"Condition_-341620266","areaLeft":950,"areaTop":207,"areaRight":997,"areaBottom":250,"threshold":20,"detectionType":1,"shouldBeDetected":true},{"id":276,"eventId":17,"name":"Condition","path":"Condition_1109074018","areaLeft":1002,"areaTop":127,"areaRight":1054,"areaBottom":191,"threshold":15,"detectionType":1,"shouldBeDetected":true},{"id":277,"eventId":17,"name":"Condition","path":"Condition_254900182","areaLeft":946,"areaTop":193,"areaRight":997,"areaBottom":260,"threshold":20,"detectionType":1,"shouldBeDetected":true},{"id":278,"eventId":17,"name":"Condition","path":"Condition_-435029129","areaLeft":999,"areaTop":166,"areaRight":1040,"areaBottom":200,"threshold":20,"detectionType":2,"shouldBeDetected":true},{"id":279,"eventId":17,"name":"Condition","path":"Condition_584363383","areaLeft":950,"areaTop":206,"areaRight":993,"areaBottom":250,"threshold":20,"detectionType":1,"shouldBeDetected":true},{"id":280,"eventId":17,"name":"Condition","path":"Condition_-1108835647","areaLeft":990,"areaTop":128,"areaRight":1076,"areaBottom":200,"threshold":20,"detectionType":1,"shouldBeDetected":true},{"id":281,"eventId":17,"name":"Condition","path":"Condition_-1204219391","areaLeft":960,"areaTop":237,"areaRight":1023,"areaBottom":303,"threshold":20,"detectionType":1,"shouldBeDetected":true},{"id":282,"eventId":17,"name":"Condition","path":"Condition_-513501744","areaLeft":993,"areaTop":53,"areaRight":1050,"areaBottom":119,"threshold":20,"detectionType":1,"shouldBeDetected":true},{"id":283,"eventId":17,"name":"Condition","path":"Condition_771296111","areaLeft":994,"areaTop":167,"areaRight":1045,"areaBottom":205,"threshold":20,"detectionType":1,"shouldBeDetected":true}]},{"event":{"id":20,"scenarioId":3,"name":"Google Video","conditionOperator":2,"priority":4},"actions":[{"action":{"id":35,"eventId":20,"name":"Click","type":"CLICK","x":729,"y":1352,"clickOnCondition":true,"pressDuration":1},"intentExtras":[]},{"action":{"id":36,"eventId":20,"priority":1,"name":"Wait","type":"PAUSE","pauseDuration":15000},"intentExtras":[]}],"conditions":[{"id":64,"eventId":20,"name":"Condition","path":"Condition_1681262597","areaLeft":616,"areaTop":1315,"areaRight":851,"areaBottom":1416,"threshold":20,"detectionType":2,"shouldBeDetected":true},{"id":157,"eventId":20,"name":"Condition","path":"Condition_2133364972","areaLeft":650,"areaTop":1315,"areaRight":884,"areaBottom":1431,"threshold":20,"detectionType":2,"shouldBeDetected":true},{"id":253,"eventId":20,"name":"Condition","path":"Condition_887010948","areaLeft":849,"areaTop":1290,"areaRight":985,"areaBottom":1385,"threshold":11,"detectionType":1,"shouldBeDetected":true}]},{"event":{"id":23,"scenarioId":3,"name":"Exit Store","conditionOperator":2,"priority":6},"actions":[{"action":{"id":40,"eventId":23,"name":"Click","type":"CLICK","x":83,"y":187,"clickOnCondition":false,"pressDuration":1},"intentExtras":[]},{"action":{"id":41,"eventId":23,"priority":1,"name":"Wait","type":"PAUSE","pauseDuration":3000},"intentExtras":[]},{"action":{"id":42,"eventId":23,"priority":2,"name":"Swipe","type":"SWIPE","fromX":11,"fromY":1182,"toX":847,"toY":1156,"swipeDuration":1000},"intentExtras":[]}],"conditions":[{"id":75,"eventId":23,"name":"Condition","path":"Condition_-331276228","areaLeft":31,"areaTop":161,"areaRight":472,"areaBottom":234,"threshold":9,"detectionType":1,"shouldBeDetected":true},{"id":156,"eventId":23,"name":"Condition","path":"Condition_1299038390","areaLeft":13,"areaTop":156,"areaRight":134,"areaBottom":224,"threshold":20,"detectionType":1,"shouldBeDetected":true}]},{"event":{"id":69,"scenarioId":3,"name":"No Revive","conditionOperator":1,"priority":2},"actions":[{"action":{"id":125,"eventId":69,"name":"Click","type":"CLICK","x":893,"y":664,"clickOnCondition":false,"pressDuration":1},"intentExtras":[]}],"conditions":[{"id":251,"eventId":69,"name":"Condition","path":"Condition_-442460220","areaLeft":473,"areaTop":1272,"areaRight":715,"areaBottom":1337,"threshold":12,"detectionType":1,"shouldBeDetected":true}]},{"event":{"id":75,"scenarioId":3,"name":"Exit Web","conditionOperator":2,"priority":7},"actions":[{"action":{"id":131,"eventId":75,"name":"Swipe","type":"SWIPE","fromX":11,"fromY":1182,"toX":847,"toY":1156,"swipeDuration":1000},"intentExtras":[]},{"action":{"id":132,"eventId":75,"priority":1,"name":"Wait","type":"PAUSE","pauseDuration":5000},"intentExtras":[]}],"conditions":[{"id":284,"eventId":75,"name":"Condition","path":"Condition_932136616","areaLeft":25,"areaTop":147,"areaRight":113,"areaBottom":254,"threshold":9,"detectionType":1,"shouldBeDetected":true}]}],"endConditions":[]}}