{"version":11,"screenWidth":1080,"screenHeight":2400,"scenario":{"scenario":{"id":1,"name":"Yahtzee","detectionQuality":1200,"endConditionOperator":2},"events":[{"event":{"id":1,"scenarioId":1,"name":"Roll Dice","conditionOperator":1,"priority":0},"actions":[{"action":{"id":1,"eventId":1,"name":"Click","type":"CLICK","clickPositionType":"ON_DETECTED_CONDITION","clickOnConditionId":1,"pressDuration":1},"intentExtras":[]},{"action":{"id":2,"eventId":1,"priority":1,"name":"Wait","type":"PAUSE","pauseDuration":500},"intentExtras":[]}],"conditions":[{"id":1,"eventId":1,"name":"Condition","path":"Condition_983870252","areaLeft":194,"areaTop":2207,"areaRight":538,"areaBottom":2352,"threshold":4,"detectionType":1,"shouldBeDetected":true}]},{"event":{"id":2,"scenarioId":1,"name":"Select Square","conditionOperator":1,"priority":2},"actions":[{"action":{"id":3,"eventId":2,"name":"Click","type":"CLICK","clickPositionType":"ON_DETECTED_CONDITION","clickOnConditionId":2,"pressDuration":1},"intentExtras":[]},{"action":{"id":4,"eventId":2,"priority":1,"name":"Wait","type":"PAUSE","pauseDuration":500},"intentExtras":[]}],"conditions":[{"id":2,"eventId":2,"name":"Condition","path":"Condition_739082727","areaLeft":192,"areaTop":492,"areaRight":345,"areaBottom":642,"threshold":4,"detectionType":2,"shouldBeDetected":true}]},{"event":{"id":3,"scenarioId":1,"name":"Play","conditionOperator":1,"priority":1},"actions":[{"action":{"id":5,"eventId":3,"name":"Click","type":"CLICK","clickPositionType":"ON_DETECTED_CONDITION","clickOnConditionId":3,"pressDuration":1},"intentExtras":[]},{"action":{"id":6,"eventId":3,"priority":1,"name":"Wait","type":"PAUSE","pauseDuration":5000},"intentExtras":[]}],"conditions":[{"id":3,"eventId":3,"name":"Condition","path":"Condition_-886764927","areaLeft":781,"areaTop":2228,"areaRight":1037,"areaBottom":2337,"threshold":4,"detectionType":1,"shouldBeDetected":true}]},{"event":{"id":5,"scenarioId":1,"name":"Default event","conditionOperator":1,"priority":3},"actions":[{"action":{"id":9,"eventId":5,"name":"Click","type":"CLICK","clickPositionType":"USER_SELECTED","x":539,"y":2211,"pressDuration":1},"intentExtras":[]},{"action":{"id":10,"eventId":5,"priority":1,"name":"Wait","type":"PAUSE","pauseDuration":1000},"intentExtras":[]}],"conditions":[{"id":5,"eventId":5,"name":"Condition","path":"Condition_347566580","areaLeft":347,"areaTop":2178,"areaRight":732,"areaBottom":2251,"threshold":11,"detectionType":1,"shouldBeDetected":true}]},{"event":{"id":6,"scenarioId":1,"name":"Reset Match Part 1","conditionOperator":1,"priority":4},"actions":[{"action":{"id":11,"eventId":6,"name":"Click","type":"CLICK","clickPositionType":"ON_DETECTED_CONDITION","clickOnConditionId":6,"pressDuration":1},"intentExtras":[]},{"action":{"id":12,"eventId":6,"priority":1,"name":"Wait","type":"PAUSE","pauseDuration":5000},"intentExtras":[]}],"conditions":[{"id":6,"eventId":6,"name":"Condition","path":"Condition_-700772515","areaLeft":57,"areaTop":173,"areaRight":150,"areaBottom":297,"threshold":8,"detectionType":1,"shouldBeDetected":true}]},{"event":{"id":7,"scenarioId":1,"name":"reset Match 2","conditionOperator":1,"priority":5},"actions":[{"action":{"id":14,"eventId":7,"priority":1,"name":"Wait","type":"PAUSE","pauseDuration":1000},"intentExtras":[]},{"action":{"id":15,"eventId":7,"name":"Click","type":"CLICK","clickPositionType":"ON_DETECTED_CONDITION","clickOnConditionId":8,"pressDuration":1},"intentExtras":[]}],"conditions":[{"id":8,"eventId":7,"name":"Condition","path":"Condition_948536871","areaLeft":558,"areaTop":1076,"areaRight":796,"areaBottom":1126,"threshold":11,"detectionType":2,"shouldBeDetected":true}]}],"endConditions":[]}}