{"version":9,"screenWidth":1080,"screenHeight":2400,"scenario":{"scenario":{"id":10,"name":"Idle Furry","detectionQuality":785,"endConditionOperator":2},"events":[{"event":{"id":83,"scenarioId":10,"name":"Claim or No Thanks","conditionOperator":2,"priority":3},"actions":[{"action":{"id":141,"eventId":83,"name":"Click","type":"CLICK","x":563,"y":1224,"clickOnCondition":true,"pressDuration":1},"intentExtras":[]},{"action":{"id":142,"eventId":83,"priority":1,"name":"Wait","type":"PAUSE","pauseDuration":3000},"intentExtras":[]}],"conditions":[{"id":362,"eventId":83,"name":"Condition","path":"Condition_-777877410","areaLeft":383,"areaTop":1417,"areaRight":685,"areaBottom":1489,"threshold":12,"detectionType":2,"shouldBeDetected":true},{"id":364,"eventId":83,"name":"Condition","path":"Condition_-761015284","areaLeft":386,"areaTop":1163,"areaRight":692,"areaBottom":1320,"threshold":15,"detectionType":2,"shouldBeDetected":true},{"id":369,"eventId":83,"name":"Condition","path":"Condition_-972334185","areaLeft":379,"areaTop":1406,"areaRight":700,"areaBottom":1492,"threshold":12,"detectionType":2,"shouldBeDetected":true}]},{"event":{"id":85,"scenarioId":10,"name":"Continue Game","conditionOperator":2,"priority":1},"actions":[{"action":{"id":145,"eventId":85,"name":"Click","type":"CLICK","x":591,"y":1448,"clickOnCondition":false,"pressDuration":1},"intentExtras":[]},{"action":{"id":146,"eventId":85,"priority":1,"name":"Wait","type":"PAUSE","pauseDuration":3000},"intentExtras":[]}],"conditions":[{"id":360,"eventId":85,"name":"Condition","path":"Condition_2003017648","areaLeft":735,"areaTop":1800,"areaRight":951,"areaBottom":1931,"threshold":13,"detectionType":2,"shouldBeDetected":true},{"id":363,"eventId":85,"name":"Condition","path":"Condition_-580135094","areaLeft":734,"areaTop":1804,"areaRight":941,"areaBottom":1931,"threshold":13,"detectionType":2,"shouldBeDetected":true}]},{"event":{"id":87,"scenarioId":10,"name":"Google Video","conditionOperator":2,"priority":5},"actions":[{"action":{"id":149,"eventId":87,"name":"Click","type":"CLICK","x":729,"y":1352,"clickOnCondition":true,"pressDuration":1},"intentExtras":[]},{"action":{"id":150,"eventId":87,"priority":1,"name":"Wait","type":"PAUSE","pauseDuration":15000},"intentExtras":[]}],"conditions":[{"id":353,"eventId":87,"name":"Condition","path":"Condition_1681262597","areaLeft":616,"areaTop":1315,"areaRight":851,"areaBottom":1416,"threshold":20,"detectionType":2,"shouldBeDetected":true},{"id":354,"eventId":87,"name":"Condition","path":"Condition_2133364972","areaLeft":650,"areaTop":1315,"areaRight":884,"areaBottom":1431,"threshold":20,"detectionType":2,"shouldBeDetected":true},{"id":355,"eventId":87,"name":"Condition","path":"Condition_887010948","areaLeft":849,"areaTop":1290,"areaRight":985,"areaBottom":1385,"threshold":16,"detectionType":2,"shouldBeDetected":true}]},{"event":{"id":88,"scenarioId":10,"name":"Exit Store","conditionOperator":2,"priority":7},"actions":[{"action":{"id":151,"eventId":88,"name":"Click","type":"CLICK","x":83,"y":187,"clickOnCondition":false,"pressDuration":1},"intentExtras":[]},{"action":{"id":152,"eventId":88,"priority":1,"name":"Wait","type":"PAUSE","pauseDuration":3000},"intentExtras":[]},{"action":{"id":153,"eventId":88,"priority":2,"name":"Swipe","type":"SWIPE","fromX":11,"fromY":1182,"toX":847,"toY":1156,"swipeDuration":1000},"intentExtras":[]}],"conditions":[{"id":356,"eventId":88,"name":"Condition","path":"Condition_-331276228","areaLeft":31,"areaTop":161,"areaRight":472,"areaBottom":234,"threshold":12,"detectionType":2,"shouldBeDetected":true},{"id":564,"eventId":88,"name":"Condition","path":"Condition_1765318767","areaLeft":46,"areaTop":939,"areaRight":374,"areaBottom":1024,"threshold":15,"detectionType":2,"shouldBeDetected":true},{"id":565,"eventId":88,"name":"Condition","path":"Condition_299214881","areaLeft":18,"areaTop":158,"areaRight":480,"areaBottom":240,"threshold":8,"detectionType":2,"shouldBeDetected":true}]},{"event":{"id":89,"scenarioId":10,"name":"No Revive","conditionOperator":1,"priority":2},"actions":[{"action":{"id":154,"eventId":89,"name":"Click","type":"CLICK","x":893,"y":664,"clickOnCondition":false,"pressDuration":1},"intentExtras":[]}],"conditions":[{"id":361,"eventId":89,"name":"Condition","path":"Condition_-1195295420","areaLeft":396,"areaTop":1253,"areaRight":684,"areaBottom":1339,"threshold":11,"detectionType":1,"shouldBeDetected":true}]},{"event":{"id":90,"scenarioId":10,"name":"Exit Web","conditionOperator":2,"priority":6},"actions":[{"action":{"id":155,"eventId":90,"name":"Swipe","type":"SWIPE","fromX":11,"fromY":1182,"toX":847,"toY":1156,"swipeDuration":1000},"intentExtras":[]},{"action":{"id":156,"eventId":90,"priority":1,"name":"Wait","type":"PAUSE","pauseDuration":5000},"intentExtras":[]}],"conditions":[{"id":359,"eventId":90,"name":"Condition","path":"Condition_932136616","areaLeft":25,"areaTop":147,"areaRight":113,"areaBottom":254,"threshold":16,"detectionType":2,"shouldBeDetected":true}]},{"event":{"id":91,"scenarioId":10,"name":"Ad for Depth","conditionOperator":2,"priority":0},"actions":[{"action":{"id":157,"eventId":91,"name":"Click","type":"CLICK","clickOnCondition":true,"pressDuration":1},"intentExtras":[]}],"conditions":[{"id":365,"eventId":91,"name":"Condition","path":"Condition_1289719726","areaLeft":424,"areaTop":1783,"areaRight":662,"areaBottom":1903,"threshold":16,"detectionType":2,"shouldBeDetected":true},{"id":373,"eventId":91,"name":"Condition","path":"Condition_-1386704723","areaLeft":409,"areaTop":1782,"areaRight":666,"areaBottom":1906,"threshold":17,"detectionType":2,"shouldBeDetected":true}]},{"event":{"id":92,"scenarioId":10,"name":"Forced Ad","conditionOperator":1,"priority":4},"actions":[{"action":{"id":158,"eventId":92,"name":"Click","type":"CLICK","x":559,"y":1261,"clickOnCondition":false,"pressDuration":1},"intentExtras":[]}],"conditions":[{"id":371,"eventId":92,"name":"Condition","path":"Condition_1368515527","areaLeft":367,"areaTop":1164,"areaRight":534,"areaBottom":1317,"threshold":15,"detectionType":2,"shouldBeDetected":true},{"id":372,"eventId":92,"name":"Condition","path":"Condition_946020099","areaLeft":455,"areaTop":1524,"areaRight":629,"areaBottom":1672,"threshold":15,"detectionType":2,"shouldBeDetected":true}]},{"event":{"id":111,"scenarioId":10,"name":"Close Ads - X","conditionOperator":2,"priority":8},"actions":[{"action":{"id":194,"eventId":111,"name":"Click","type":"CLICK","clickOnCondition":true,"pressDuration":1},"intentExtras":[]},{"action":{"id":195,"eventId":111,"priority":1,"name":"Wait","type":"PAUSE","pauseDuration":3000},"intentExtras":[]}],"conditions":[{"id":560,"eventId":111,"name":"Condition","path":"Condition_1310800920","areaLeft":982,"areaTop":145,"areaRight":1057,"areaBottom":221,"threshold":20,"detectionType":2,"shouldBeDetected":true},{"id":562,"eventId":111,"name":"Condition","path":"Condition_-1606092686","areaLeft":991,"areaTop":169,"areaRight":1044,"areaBottom":216,"threshold":20,"detectionType":2,"shouldBeDetected":true},{"id":563,"eventId":111,"name":"Condition","path":"Condition_-721340377","areaLeft":32,"areaTop":162,"areaRight":91,"areaBottom":216,"threshold":20,"detectionType":2,"shouldBeDetected":true},{"id":568,"eventId":111,"name":"Condition","path":"Condition_2014973084","areaLeft":962,"areaTop":163,"areaRight":1058,"areaBottom":236,"threshold":20,"detectionType":2,"shouldBeDetected":true},{"id":569,"eventId":111,"name":"Condition","path":"Condition_-1371469415","areaLeft":1010,"areaTop":134,"areaRight":1078,"areaBottom":211,"threshold":16,"detectionType":2,"shouldBeDetected":true},{"id":571,"eventId":111,"name":"Condition","path":"Condition_-556393927","areaLeft":62,"areaTop":183,"areaRight":251,"areaBottom":253,"threshold":19,"detectionType":2,"shouldBeDetected":true}]},{"event":{"id":112,"scenarioId":10,"name":"Close Ads- Arrow","conditionOperator":2,"priority":9},"actions":[{"action":{"id":196,"eventId":112,"name":"Click","type":"CLICK","clickOnCondition":true,"pressDuration":1},"intentExtras":[]},{"action":{"id":197,"eventId":112,"priority":1,"name":"Wait","type":"PAUSE","pauseDuration":3000},"intentExtras":[]}],"conditions":[{"id":561,"eventId":112,"name":"Condition","path":"Condition_-1580140307","areaLeft":998,"areaTop":168,"areaRight":1039,"areaBottom":220,"threshold":20,"detectionType":2,"shouldBeDetected":true},{"id":566,"eventId":112,"name":"Condition","path":"Condition_-1802604686","areaLeft":993,"areaTop":160,"areaRight":1052,"areaBottom":230,"threshold":15,"detectionType":2,"shouldBeDetected":true},{"id":567,"eventId":112,"name":"Condition","path":"Condition_1332361846","areaLeft":973,"areaTop":156,"areaRight":1059,"areaBottom":232,"threshold":17,"detectionType":2,"shouldBeDetected":true},{"id":570,"eventId":112,"name":"Condition","path":"Condition_-377720872","areaLeft":998,"areaTop":159,"areaRight":1054,"areaBottom":217,"threshold":20,"detectionType":2,"shouldBeDetected":true}]}],"endConditions":[]}}