{"version":11,"screenWidth":1080,"screenHeight":2340,"scenario":{"scenario":{"id":3,"name":"Caesar Slots","detectionQuality":1200,"endConditionOperator":2},"events":[{"event":{"id":22,"scenarioId":3,"name":"Spin and Stop","conditionOperator":2,"priority":0},"actions":[{"action":{"id":45,"eventId":22,"name":"Click","type":"CLICK","clickPositionType":"ON_DETECTED_CONDITION","clickOnConditionId":50,"pressDuration":1},"intentExtras":[]},{"action":{"id":46,"eventId":22,"priority":1,"name":"Wait","type":"PAUSE","pauseDuration":1250},"intentExtras":[]},{"action":{"id":47,"eventId":22,"priority":2,"name":"Click","type":"CLICK","clickPositionType":"ON_DETECTED_CONDITION","clickOnConditionId":50,"pressDuration":1},"intentExtras":[]}],"conditions":[{"id":50,"eventId":22,"name":"Condition","path":"Condition_22409436","areaLeft":1886,"areaTop":890,"areaRight":2164,"areaBottom":978,"threshold":10,"detectionType":1,"shouldBeDetected":true},{"id":51,"eventId":22,"name":"Condition","path":"Condition_583365171","areaLeft":1929,"areaTop":934,"areaRight":2123,"areaBottom":1004,"threshold":10,"detectionType":1,"shouldBeDetected":true}]},{"event":{"id":23,"scenarioId":3,"name":"Start Mini","conditionOperator":2,"priority":1},"actions":[{"action":{"id":48,"eventId":23,"name":"Click","type":"CLICK","clickPositionType":"ON_DETECTED_CONDITION","clickOnConditionId":52,"pressDuration":1},"intentExtras":[]}],"conditions":[{"id":52,"eventId":23,"name":"Condition","path":"Condition_-267740079","areaLeft":1406,"areaTop":977,"areaRight":1750,"areaBottom":1061,"threshold":10,"detectionType":2,"shouldBeDetected":true},{"id":53,"eventId":23,"name":"Condition","path":"Condition_-158080723","areaLeft":1116,"areaTop":860,"areaRight":1365,"areaBottom":948,"threshold":10,"detectionType":1,"shouldBeDetected":true},{"id":54,"eventId":23,"name":"Condition","path":"Condition_96478167","areaLeft":1072,"areaTop":878,"areaRight":1391,"areaBottom":972,"threshold":4,"detectionType":1,"shouldBeDetected":true}]},{"event":{"id":24,"scenarioId":3,"name":"Continue Game","conditionOperator":2,"priority":2},"actions":[{"action":{"id":49,"eventId":24,"name":"Click","type":"CLICK","clickPositionType":"ON_DETECTED_CONDITION","clickOnConditionId":55,"pressDuration":1},"intentExtras":[]}],"conditions":[{"id":55,"eventId":24,"name":"Condition","path":"Condition_-641928587","areaLeft":1032,"areaTop":990,"areaRight":1462,"areaBottom":1047,"threshold":10,"detectionType":2,"shouldBeDetected":true},{"id":56,"eventId":24,"name":"Condition","path":"Condition_-384759431","areaLeft":1002,"areaTop":848,"areaRight":1499,"areaBottom":927,"threshold":8,"detectionType":2,"shouldBeDetected":true},{"id":57,"eventId":24,"name":"Condition","path":"Condition_-1722865294","areaLeft":968,"areaTop":901,"areaRight":1516,"areaBottom":1018,"threshold":4,"detectionType":1,"shouldBeDetected":true},{"id":58,"eventId":24,"name":"Condition","path":"Condition_-1351913164","areaLeft":1320,"areaTop":866,"areaRight":1645,"areaBottom":965,"threshold":12,"detectionType":1,"shouldBeDetected":true},{"id":59,"eventId":24,"name":"Condition","path":"Condition_415454770","areaLeft":975,"areaTop":886,"areaRight":1492,"areaBottom":961,"threshold":10,"detectionType":1,"shouldBeDetected":true},{"id":60,"eventId":24,"name":"Condition","path":"Condition_-1815779050","areaLeft":999,"areaTop":902,"areaRight":1443,"areaBottom":977,"threshold":20,"detectionType":2,"shouldBeDetected":true},{"id":61,"eventId":24,"name":"Condition","path":"Condition_-426124585","areaLeft":1004,"areaTop":856,"areaRight":1472,"areaBottom":914,"threshold":4,"detectionType":2,"shouldBeDetected":true}]},{"event":{"id":25,"scenarioId":3,"name":"Close Menu","conditionOperator":2,"priority":3},"actions":[{"action":{"id":50,"eventId":25,"name":"Click","type":"CLICK","clickPositionType":"ON_DETECTED_CONDITION","clickOnConditionId":62,"pressDuration":1},"intentExtras":[]}],"conditions":[{"id":62,"eventId":25,"name":"Condition","path":"Condition_325659436","areaLeft":1988,"areaTop":28,"areaRight":2101,"areaBottom":113,"threshold":18,"detectionType":2,"shouldBeDetected":true},{"id":63,"eventId":25,"name":"Condition","path":"Condition_-479680070","areaLeft":1925,"areaTop":45,"areaRight":1997,"areaBottom":113,"threshold":18,"detectionType":2,"shouldBeDetected":true},{"id":64,"eventId":25,"name":"Condition","path":"Condition_1434862993","areaLeft":1651,"areaTop":190,"areaRight":1819,"areaBottom":284,"threshold":15,"detectionType":2,"shouldBeDetected":true},{"id":65,"eventId":25,"name":"Condition","path":"Condition_-1748148037","areaLeft":1772,"areaTop":87,"areaRight":1851,"areaBottom":150,"threshold":17,"detectionType":2,"shouldBeDetected":true},{"id":66,"eventId":25,"name":"Condition","path":"Condition_-1638348677","areaLeft":1809,"areaTop":130,"areaRight":1895,"areaBottom":210,"threshold":17,"detectionType":2,"shouldBeDetected":true},{"id":67,"eventId":25,"name":"Condition","path":"Condition_490826891","areaLeft":1924,"areaTop":5,"areaRight":2030,"areaBottom":113,"threshold":20,"detectionType":2,"shouldBeDetected":true},{"id":68,"eventId":25,"name":"Condition","path":"Condition_1856343490","areaLeft":2071,"areaTop":12,"areaRight":2206,"areaBottom":109,"threshold":17,"detectionType":2,"shouldBeDetected":true},{"id":69,"eventId":25,"name":"Condition","path":"Condition_1334605328","areaLeft":1904,"areaTop":25,"areaRight":2064,"areaBottom":140,"threshold":17,"detectionType":2,"shouldBeDetected":true},{"id":70,"eventId":25,"name":"Condition","path":"Condition_-722954433","areaLeft":1888,"areaTop":34,"areaRight":1987,"areaBottom":125,"threshold":20,"detectionType":2,"shouldBeDetected":true}]}],"endConditions":[]}}