{"version":9,"screenWidth":1080,"screenHeight":2400,"scenario":{"scenario":{"id":5,"name":"Crypto magnet","detectionQuality":785,"endConditionOperator":2},"events":[{"event":{"id":40,"scenarioId":5,"name":"Continue","conditionOperator":2,"priority":2},"actions":[{"action":{"id":73,"eventId":40,"name":"Click","type":"CLICK","x":563,"y":1224,"clickOnCondition":true,"pressDuration":1},"intentExtras":[]},{"action":{"id":74,"eventId":40,"priority":1,"name":"Wait","type":"PAUSE","pauseDuration":3000},"intentExtras":[]}],"conditions":[{"id":114,"eventId":40,"name":"No Thanks logo","path":"Condition_-1076347914","areaLeft":379,"areaTop":1369,"areaRight":699,"areaBottom":1428,"threshold":7,"detectionType":1,"shouldBeDetected":true},{"id":115,"eventId":40,"name":"Condition","path":"Condition_-1908568820","areaLeft":408,"areaTop":1216,"areaRight":680,"areaBottom":1316,"threshold":3,"detectionType":1,"shouldBeDetected":true},{"id":116,"eventId":40,"name":"Condition","path":"Condition_-1212110350","areaLeft":358,"areaTop":1174,"areaRight":734,"areaBottom":1317,"threshold":4,"detectionType":1,"shouldBeDetected":true}]},{"event":{"id":41,"scenarioId":5,"name":"More coins","conditionOperator":1,"priority":9,"enabledOnStart":false},"actions":[{"action":{"id":75,"eventId":41,"name":"Click","type":"CLICK","clickOnCondition":true,"pressDuration":1},"intentExtras":[]}],"conditions":[{"id":117,"eventId":41,"name":"Add on more coins","path":"Condition_184708834","areaLeft":95,"areaTop":1793,"areaRight":342,"areaBottom":1864,"threshold":4,"detectionType":1,"shouldBeDetected":true}]},{"event":{"id":42,"scenarioId":5,"name":"No continue","conditionOperator":1,"priority":1},"actions":[{"action":{"id":76,"eventId":42,"name":"Click","type":"CLICK","x":1028,"y":638,"clickOnCondition":false,"pressDuration":100},"intentExtras":[]},{"action":{"id":77,"eventId":42,"priority":1,"name":"Wait","type":"PAUSE","pauseDuration":3000},"intentExtras":[]}],"conditions":[{"id":118,"eventId":42,"name":"Revive logo","path":"Condition_-1782836278","areaLeft":357,"areaTop":1287,"areaRight":717,"areaBottom":1345,"threshold":1,"detectionType":1,"shouldBeDetected":true}]},{"event":{"id":43,"scenarioId":5,"name":"Ad for Depth","conditionOperator":1,"priority":0},"actions":[{"action":{"id":78,"eventId":43,"name":"Click","type":"CLICK","clickOnCondition":true,"pressDuration":1},"intentExtras":[]},{"action":{"id":79,"eventId":43,"priority":1,"name":"Wait","type":"PAUSE","pauseDuration":3000},"intentExtras":[]}],"conditions":[{"id":119,"eventId":43,"name":"Add Present","path":"Condition_1549139672","areaLeft":418,"areaTop":1781,"areaRight":676,"areaBottom":1896,"threshold":5,"detectionType":1,"shouldBeDetected":true}]},{"event":{"id":44,"scenarioId":5,"name":"Skip for no Ad","conditionOperator":2,"priority":4},"actions":[{"action":{"id":80,"eventId":44,"name":"Click","type":"CLICK","x":591,"y":1448,"clickOnCondition":false,"pressDuration":1},"intentExtras":[]},{"action":{"id":81,"eventId":44,"priority":1,"name":"Wait","type":"PAUSE","pauseDuration":3000},"intentExtras":[]}],"conditions":[{"id":120,"eventId":44,"name":"Condition","path":"Condition_918496961","areaLeft":764,"areaTop":1800,"areaRight":960,"areaBottom":1921,"threshold":4,"detectionType":1,"shouldBeDetected":true},{"id":121,"eventId":44,"name":"Condition","path":"Condition_-1935292903","areaLeft":770,"areaTop":1800,"areaRight":945,"areaBottom":1912,"threshold":4,"detectionType":1,"shouldBeDetected":true}]},{"event":{"id":45,"scenarioId":5,"name":"Close Ads","conditionOperator":2,"priority":7},"actions":[{"action":{"id":82,"eventId":45,"name":"Click","type":"CLICK","clickOnCondition":true,"pressDuration":100},"intentExtras":[]},{"action":{"id":83,"eventId":45,"priority":1,"name":"Wait","type":"PAUSE","pauseDuration":2000},"intentExtras":[]}],"conditions":[{"id":122,"eventId":45,"name":"Close Marker ","path":"Condition_-2111938916","areaLeft":972,"areaTop":132,"areaRight":1077,"areaBottom":217,"threshold":20,"detectionType":2,"shouldBeDetected":true},{"id":123,"eventId":45,"name":"Condition","path":"Condition_-1751591983","areaLeft":25,"areaTop":146,"areaRight":106,"areaBottom":218,"threshold":20,"detectionType":2,"shouldBeDetected":true},{"id":124,"eventId":45,"name":"Condition","path":"Condition_1310800920","areaLeft":982,"areaTop":145,"areaRight":1057,"areaBottom":221,"threshold":20,"detectionType":2,"shouldBeDetected":true},{"id":125,"eventId":45,"name":"Condition","path":"Condition_440882649","areaLeft":964,"areaTop":236,"areaRight":1025,"areaBottom":292,"threshold":20,"detectionType":2,"shouldBeDetected":true},{"id":126,"eventId":45,"name":"Condition","path":"Condition_1689274499","areaLeft":1006,"areaTop":143,"areaRight":1054,"areaBottom":203,"threshold":20,"detectionType":2,"shouldBeDetected":true},{"id":127,"eventId":45,"name":"Condition","path":"Condition_2012231470","areaLeft":986,"areaTop":127,"areaRight":1072,"areaBottom":202,"threshold":20,"detectionType":2,"shouldBeDetected":true},{"id":128,"eventId":45,"name":"Condition","path":"Condition_1937703155","areaLeft":983,"areaTop":172,"areaRight":1033,"areaBottom":217,"threshold":20,"detectionType":2,"shouldBeDetected":true},{"id":129,"eventId":45,"name":"Condition","path":"Condition_-811476126","areaLeft":976,"areaTop":110,"areaRight":1071,"areaBottom":238,"threshold":20,"detectionType":2,"shouldBeDetected":true},{"id":130,"eventId":45,"name":"Condition","path":"Condition_-1122840254","areaLeft":977,"areaTop":139,"areaRight":1054,"areaBottom":228,"threshold":20,"detectionType":2,"shouldBeDetected":true},{"id":131,"eventId":45,"name":"Condition","path":"Condition_-2002463305","areaLeft":981,"areaTop":148,"areaRight":1060,"areaBottom":214,"threshold":20,"detectionType":2,"shouldBeDetected":true},{"id":132,"eventId":45,"name":"Condition","path":"Condition_-187679490","areaLeft":954,"areaTop":789,"areaRight":1018,"areaBottom":865,"threshold":20,"detectionType":2,"shouldBeDetected":true},{"id":133,"eventId":45,"name":"Condition","path":"Condition_333672635","areaLeft":971,"areaTop":143,"areaRight":1061,"areaBottom":223,"threshold":19,"detectionType":2,"shouldBeDetected":true}]},{"event":{"id":46,"scenarioId":5,"name":"Default event","conditionOperator":2,"priority":5,"enabledOnStart":false},"actions":[{"action":{"id":84,"eventId":46,"name":"Click","type":"CLICK","x":941,"y":466,"clickOnCondition":false,"pressDuration":100},"intentExtras":[]},{"action":{"id":85,"eventId":46,"priority":1,"name":"Wait","type":"PAUSE","pauseDuration":2000},"intentExtras":[]}],"conditions":[{"id":134,"eventId":46,"name":"Condition","path":"Condition_908834223","areaLeft":39,"areaTop":849,"areaRight":356,"areaBottom":947,"threshold":20,"detectionType":2,"shouldBeDetected":true},{"id":135,"eventId":46,"name":"Condition","path":"Condition_-1706088305","areaLeft":52,"areaTop":916,"areaRight":363,"areaBottom":981,"threshold":20,"detectionType":2,"shouldBeDetected":true},{"id":136,"eventId":46,"name":"Condition","path":"Condition_457928111","areaLeft":34,"areaTop":933,"areaRight":392,"areaBottom":1026,"threshold":20,"detectionType":2,"shouldBeDetected":true},{"id":137,"eventId":46,"name":"Condition","path":"Condition_1990910516","areaLeft":0,"areaTop":974,"areaRight":739,"areaBottom":1111,"threshold":20,"detectionType":2,"shouldBeDetected":true}]},{"event":{"id":47,"scenarioId":5,"name":"End game quick","conditionOperator":1,"priority":8,"enabledOnStart":false},"actions":[{"action":{"id":86,"eventId":47,"name":"Click","type":"CLICK","clickOnCondition":true,"pressDuration":2500},"intentExtras":[]}],"conditions":[{"id":138,"eventId":47,"name":"Skull","path":"Condition_-2134170777","areaLeft":540,"areaTop":255,"areaRight":647,"areaBottom":385,"threshold":17,"detectionType":2,"shouldBeDetected":true}]},{"event":{"id":48,"scenarioId":5,"name":"Google Video","conditionOperator":1,"priority":6},"actions":[{"action":{"id":87,"eventId":48,"name":"Click","type":"CLICK","x":729,"y":1352,"clickOnCondition":true,"pressDuration":1},"intentExtras":[]},{"action":{"id":88,"eventId":48,"priority":1,"name":"Wait","type":"PAUSE","pauseDuration":30000},"intentExtras":[]}],"conditions":[{"id":139,"eventId":48,"name":"Condition","path":"Condition_1681262597","areaLeft":616,"areaTop":1315,"areaRight":851,"areaBottom":1416,"threshold":4,"detectionType":1,"shouldBeDetected":true}]},{"event":{"id":49,"scenarioId":5,"name":"continue 2","conditionOperator":1,"priority":3,"enabledOnStart":false},"actions":[{"action":{"id":89,"eventId":49,"name":"Click","type":"CLICK","x":538,"y":1244,"clickOnCondition":false,"pressDuration":1},"intentExtras":[]},{"action":{"id":90,"eventId":49,"priority":1,"name":"Wait","type":"PAUSE","pauseDuration":1000},"intentExtras":[]}],"conditions":[{"id":140,"eventId":49,"name":"Condition","path":"Condition_2030821820","areaLeft":394,"areaTop":1190,"areaRight":691,"areaBottom":1509,"threshold":1,"detectionType":1,"shouldBeDetected":true}]},{"event":{"id":50,"scenarioId":5,"name":"Die","conditionOperator":1,"priority":10,"enabledOnStart":false},"actions":[{"action":{"id":91,"eventId":50,"name":"Swipe","type":"SWIPE","fromX":49,"fromY":1721,"toX":994,"toY":1703,"swipeDuration":5000},"intentExtras":[]}],"conditions":[{"id":141,"eventId":50,"name":"Condition","path":"Condition_-233482444","areaLeft":27,"areaTop":1529,"areaRight":123,"areaBottom":1614,"threshold":20,"detectionType":2,"shouldBeDetected":true}]}],"endConditions":[]}}