{"version":9,"screenWidth":1080,"screenHeight":2400,"scenario":{"scenario":{"id":11,"name":"Save the Pets","detectionQuality":785,"endConditionOperator":2},"events":[{"event":{"id":94,"scenarioId":11,"name":"Claim or No Thanks","conditionOperator":2,"priority":3},"actions":[{"action":{"id":160,"eventId":94,"name":"Click","type":"CLICK","x":563,"y":1224,"clickOnCondition":true,"pressDuration":1},"intentExtras":[]},{"action":{"id":161,"eventId":94,"priority":1,"name":"Wait","type":"PAUSE","pauseDuration":3000},"intentExtras":[]}],"conditions":[{"id":418,"eventId":94,"name":"No Thanks logo","path":"Condition_-1076347914","areaLeft":379,"areaTop":1369,"areaRight":699,"areaBottom":1428,"threshold":20,"detectionType":2,"shouldBeDetected":true},{"id":419,"eventId":94,"name":"Condition","path":"Condition_1350097789","areaLeft":364,"areaTop":1169,"areaRight":719,"areaBottom":1270,"threshold":14,"detectionType":2,"shouldBeDetected":true},{"id":420,"eventId":94,"name":"Condition","path":"Condition_973422467","areaLeft":387,"areaTop":1182,"areaRight":707,"areaBottom":1312,"threshold":17,"detectionType":2,"shouldBeDetected":true},{"id":481,"eventId":94,"name":"Condition","path":"Condition_-1961538053","areaLeft":354,"areaTop":1206,"areaRight":722,"areaBottom":1305,"threshold":18,"detectionType":2,"shouldBeDetected":true}]},{"event":{"id":95,"scenarioId":11,"name":"Ad for Depth","conditionOperator":1,"priority":0},"actions":[{"action":{"id":162,"eventId":95,"name":"Click","type":"CLICK","clickOnCondition":true,"pressDuration":1},"intentExtras":[]},{"action":{"id":163,"eventId":95,"priority":1,"name":"Wait","type":"PAUSE","pauseDuration":3000},"intentExtras":[]}],"conditions":[{"id":483,"eventId":95,"name":"Condition","path":"Condition_477065334","areaLeft":415,"areaTop":1780,"areaRight":666,"areaBottom":1906,"threshold":18,"detectionType":2,"shouldBeDetected":true}]},{"event":{"id":96,"scenarioId":11,"name":"Continue Game","conditionOperator":2,"priority":1},"actions":[{"action":{"id":164,"eventId":96,"name":"Click","type":"CLICK","x":591,"y":1448,"clickOnCondition":false,"pressDuration":1},"intentExtras":[]},{"action":{"id":165,"eventId":96,"priority":1,"name":"Wait","type":"PAUSE","pauseDuration":3000},"intentExtras":[]}],"conditions":[{"id":480,"eventId":96,"name":"Condition","path":"Condition_-865807845","areaLeft":735,"areaTop":1797,"areaRight":949,"areaBottom":1927,"threshold":17,"detectionType":2,"shouldBeDetected":true},{"id":482,"eventId":96,"name":"Condition","path":"Condition_-1798785712","areaLeft":743,"areaTop":1817,"areaRight":951,"areaBottom":1924,"threshold":20,"detectionType":2,"shouldBeDetected":true}]},{"event":{"id":98,"scenarioId":11,"name":"Google Video","conditionOperator":2,"priority":4},"actions":[{"action":{"id":168,"eventId":98,"name":"Click","type":"CLICK","x":729,"y":1352,"clickOnCondition":true,"pressDuration":1},"intentExtras":[]},{"action":{"id":169,"eventId":98,"priority":1,"name":"Wait","type":"PAUSE","pauseDuration":15000},"intentExtras":[]}],"conditions":[{"id":473,"eventId":98,"name":"Condition","path":"Condition_1681262597","areaLeft":616,"areaTop":1315,"areaRight":851,"areaBottom":1416,"threshold":20,"detectionType":2,"shouldBeDetected":true},{"id":474,"eventId":98,"name":"Condition","path":"Condition_2133364972","areaLeft":650,"areaTop":1315,"areaRight":884,"areaBottom":1431,"threshold":20,"detectionType":2,"shouldBeDetected":true},{"id":475,"eventId":98,"name":"Condition","path":"Condition_887010948","areaLeft":849,"areaTop":1290,"areaRight":985,"areaBottom":1385,"threshold":19,"detectionType":2,"shouldBeDetected":true}]},{"event":{"id":99,"scenarioId":11,"name":"Exit Store","conditionOperator":2,"priority":7},"actions":[{"action":{"id":170,"eventId":99,"name":"Click","type":"CLICK","x":83,"y":187,"clickOnCondition":false,"pressDuration":1},"intentExtras":[]},{"action":{"id":171,"eventId":99,"priority":1,"name":"Wait","type":"PAUSE","pauseDuration":3000},"intentExtras":[]},{"action":{"id":172,"eventId":99,"priority":2,"name":"Swipe","type":"SWIPE","fromX":11,"fromY":1182,"toX":847,"toY":1156,"swipeDuration":1000},"intentExtras":[]}],"conditions":[{"id":476,"eventId":99,"name":"Condition","path":"Condition_-331276228","areaLeft":31,"areaTop":161,"areaRight":472,"areaBottom":234,"threshold":17,"detectionType":2,"shouldBeDetected":true},{"id":477,"eventId":99,"name":"Condition","path":"Condition_1299038390","areaLeft":13,"areaTop":156,"areaRight":134,"areaBottom":224,"threshold":20,"detectionType":1,"shouldBeDetected":true}]},{"event":{"id":100,"scenarioId":11,"name":"No Revive","conditionOperator":1,"priority":2},"actions":[{"action":{"id":173,"eventId":100,"name":"Click","type":"CLICK","x":893,"y":664,"clickOnCondition":false,"pressDuration":1},"intentExtras":[]}],"conditions":[{"id":478,"eventId":100,"name":"Condition","path":"Condition_-442460220","areaLeft":473,"areaTop":1272,"areaRight":715,"areaBottom":1337,"threshold":12,"detectionType":2,"shouldBeDetected":true}]},{"event":{"id":101,"scenarioId":11,"name":"Exit Web","conditionOperator":2,"priority":8},"actions":[{"action":{"id":174,"eventId":101,"name":"Swipe","type":"SWIPE","fromX":11,"fromY":1182,"toX":847,"toY":1156,"swipeDuration":1000},"intentExtras":[]},{"action":{"id":175,"eventId":101,"priority":1,"name":"Wait","type":"PAUSE","pauseDuration":5000},"intentExtras":[]}],"conditions":[{"id":479,"eventId":101,"name":"Condition","path":"Condition_932136616","areaLeft":25,"areaTop":147,"areaRight":113,"areaBottom":254,"threshold":9,"detectionType":1,"shouldBeDetected":true}]},{"event":{"id":102,"scenarioId":11,"name":"Close Ads - Arrow","conditionOperator":2,"priority":6},"actions":[{"action":{"id":176,"eventId":102,"name":"Click","type":"CLICK","clickOnCondition":true,"pressDuration":1},"intentExtras":[]},{"action":{"id":177,"eventId":102,"priority":1,"name":"Wait","type":"PAUSE","pauseDuration":2000},"intentExtras":[]}],"conditions":[{"id":484,"eventId":102,"name":"Condition","path":"Condition_1284411933","areaLeft":980,"areaTop":161,"areaRight":1053,"areaBottom":215,"threshold":20,"detectionType":2,"shouldBeDetected":true},{"id":485,"eventId":102,"name":"Condition","path":"Condition_597033595","areaLeft":38,"areaTop":165,"areaRight":107,"areaBottom":255,"threshold":4,"detectionType":2,"shouldBeDetected":true},{"id":486,"eventId":102,"name":"Condition","path":"Condition_719450850","areaLeft":987,"areaTop":166,"areaRight":1055,"areaBottom":229,"threshold":20,"detectionType":2,"shouldBeDetected":true},{"id":487,"eventId":102,"name":"Condition","path":"Condition_-277535070","areaLeft":988,"areaTop":163,"areaRight":1053,"areaBottom":219,"threshold":16,"detectionType":2,"shouldBeDetected":true},{"id":488,"eventId":102,"name":"Condition","path":"Condition_-890685260","areaLeft":981,"areaTop":156,"areaRight":1053,"areaBottom":227,"threshold":20,"detectionType":2,"shouldBeDetected":true},{"id":489,"eventId":102,"name":"Condition","path":"Condition_-949727171","areaLeft":984,"areaTop":171,"areaRight":1060,"areaBottom":220,"threshold":20,"detectionType":2,"shouldBeDetected":true},{"id":573,"eventId":102,"name":"Condition","path":"Condition_-1703920593","areaLeft":978,"areaTop":152,"areaRight":1061,"areaBottom":231,"threshold":15,"detectionType":2,"shouldBeDetected":true},{"id":579,"eventId":102,"name":"Condition","path":"Condition_1945180578","areaLeft":999,"areaTop":165,"areaRight":1057,"areaBottom":213,"threshold":17,"detectionType":2,"shouldBeDetected":true},{"id":581,"eventId":102,"name":"Condition","path":"Condition_1421308436","areaLeft":995,"areaTop":160,"areaRight":1059,"areaBottom":208,"threshold":20,"detectionType":2,"shouldBeDetected":true},{"id":586,"eventId":102,"name":"Condition","path":"Condition_1922975350","areaLeft":995,"areaTop":160,"areaRight":1053,"areaBottom":209,"threshold":19,"detectionType":2,"shouldBeDetected":true}]},{"event":{"id":113,"scenarioId":11,"name":"Close Ads - X","conditionOperator":2,"priority":5},"actions":[{"action":{"id":198,"eventId":113,"name":"Click","type":"CLICK","clickOnCondition":true,"pressDuration":1},"intentExtras":[]},{"action":{"id":199,"eventId":113,"priority":1,"name":"Wait","type":"PAUSE","pauseDuration":2000},"intentExtras":[]}],"conditions":[{"id":572,"eventId":113,"name":"Close Marker ","path":"Condition_-2111938916","areaLeft":972,"areaTop":132,"areaRight":1077,"areaBottom":217,"threshold":20,"detectionType":2,"shouldBeDetected":true},{"id":574,"eventId":113,"name":"Condition","path":"Condition_-1680748777","areaLeft":38,"areaTop":159,"areaRight":91,"areaBottom":226,"threshold":20,"detectionType":2,"shouldBeDetected":true},{"id":575,"eventId":113,"name":"Condition","path":"Condition_1769436517","areaLeft":951,"areaTop":237,"areaRight":1030,"areaBottom":314,"threshold":18,"detectionType":2,"shouldBeDetected":true},{"id":576,"eventId":113,"name":"Condition","path":"Condition_-142641994","areaLeft":964,"areaTop":249,"areaRight":1023,"areaBottom":294,"threshold":18,"detectionType":2,"shouldBeDetected":true},{"id":577,"eventId":113,"name":"Condition","path":"Condition_1878776292","areaLeft":963,"areaTop":239,"areaRight":1025,"areaBottom":305,"threshold":20,"detectionType":2,"shouldBeDetected":true},{"id":578,"eventId":113,"name":"Condition","path":"Condition_-490398145","areaLeft":962,"areaTop":248,"areaRight":1032,"areaBottom":301,"threshold":20,"detectionType":2,"shouldBeDetected":true},{"id":580,"eventId":113,"name":"Condition","path":"Condition_-1812447530","areaLeft":61,"areaTop":185,"areaRight":253,"areaBottom":247,"threshold":20,"detectionType":2,"shouldBeDetected":true},{"id":582,"eventId":113,"name":"Condition","path":"Condition_174922066","areaLeft":37,"areaTop":134,"areaRight":265,"areaBottom":288,"threshold":20,"detectionType":2,"shouldBeDetected":true},{"id":583,"eventId":113,"name":"Condition","path":"Condition_-821929462","areaLeft":967,"areaTop":165,"areaRight":1046,"areaBottom":243,"threshold":20,"detectionType":2,"shouldBeDetected":true},{"id":584,"eventId":113,"name":"Condition","path":"Condition_-1350969734","areaLeft":957,"areaTop":236,"areaRight":1032,"areaBottom":309,"threshold":20,"detectionType":2,"shouldBeDetected":true},{"id":585,"eventId":113,"name":"Condition","path":"Condition_-1453161563","areaLeft":1002,"areaTop":155,"areaRight":1054,"areaBottom":204,"threshold":17,"detectionType":2,"shouldBeDetected":true},{"id":587,"eventId":113,"name":"Condition","path":"Condition_2041735950","areaLeft":51,"areaTop":177,"areaRight":253,"areaBottom":258,"threshold":17,"detectionType":2,"shouldBeDetected":true}]}],"endConditions":[]}}