{"version":11,"screenWidth":1080,"screenHeight":2340,"scenario":{"scenario":{"id":1,"name":"Yahtzee","detectionQuality":1200,"endConditionOperator":2},"events":[{"event":{"id":1,"scenarioId":1,"name":"Roll Dice","conditionOperator":1,"priority":0},"actions":[{"action":{"id":2,"eventId":1,"priority":1,"name":"Wait","type":"PAUSE","pauseDuration":500},"intentExtras":[]},{"action":{"id":14,"eventId":1,"name":"Click","type":"CLICK","clickPositionType":"ON_DETECTED_CONDITION","clickOnConditionId":7,"pressDuration":1},"intentExtras":[]}],"conditions":[{"id":7,"eventId":1,"name":"Condition","path":"Condition_1871136114","areaLeft":218,"areaTop":2157,"areaRight":544,"areaBottom":2266,"threshold":9,"detectionType":1,"shouldBeDetected":true}]},{"event":{"id":2,"scenarioId":1,"name":"Play","conditionOperator":1,"priority":1},"actions":[{"action":{"id":4,"eventId":2,"priority":1,"name":"Wait","type":"PAUSE","pauseDuration":5000},"intentExtras":[]},{"action":{"id":15,"eventId":2,"name":"Click","type":"CLICK","clickPositionType":"ON_DETECTED_CONDITION","clickOnConditionId":8,"pressDuration":1},"intentExtras":[]}],"conditions":[{"id":8,"eventId":2,"name":"Condition","path":"Condition_1237129706","areaLeft":753,"areaTop":2153,"areaRight":1044,"areaBottom":2286,"threshold":4,"detectionType":1,"shouldBeDetected":true}]},{"event":{"id":3,"scenarioId":1,"name":"Select Square","conditionOperator":1,"priority":2},"actions":[{"action":{"id":5,"eventId":3,"name":"Click","type":"CLICK","clickPositionType":"ON_DETECTED_CONDITION","clickOnConditionId":3,"pressDuration":1},"intentExtras":[]},{"action":{"id":6,"eventId":3,"priority":1,"name":"Wait","type":"PAUSE","pauseDuration":500},"intentExtras":[]}],"conditions":[{"id":3,"eventId":3,"name":"Condition","path":"Condition_739082727","areaLeft":192,"areaTop":492,"areaRight":345,"areaBottom":642,"threshold":15,"detectionType":2,"shouldBeDetected":true}]},{"event":{"id":4,"scenarioId":1,"name":"Click Rematch","conditionOperator":1,"priority":3},"actions":[{"action":{"id":7,"eventId":4,"name":"Click","type":"CLICK","clickPositionType":"USER_SELECTED","x":539,"y":2211,"pressDuration":1},"intentExtras":[]},{"action":{"id":8,"eventId":4,"priority":1,"name":"Wait","type":"PAUSE","pauseDuration":1000},"intentExtras":[]}],"conditions":[{"id":4,"eventId":4,"name":"Condition","path":"Condition_347566580","areaLeft":347,"areaTop":2178,"areaRight":732,"areaBottom":2251,"threshold":11,"detectionType":2,"shouldBeDetected":true}]},{"event":{"id":6,"scenarioId":1,"name":"Click user name","conditionOperator":1,"priority":4},"actions":[{"action":{"id":12,"eventId":6,"priority":1,"name":"Wait","type":"PAUSE","pauseDuration":1000},"intentExtras":[]},{"action":{"id":23,"eventId":6,"name":"Click","type":"CLICK","clickPositionType":"ON_DETECTED_CONDITION","clickOnConditionId":15,"pressDuration":1},"intentExtras":[]}],"conditions":[{"id":15,"eventId":6,"name":"Condition","path":"Condition_1007925825","areaLeft":446,"areaTop":1058,"areaRight":618,"areaBottom":1095,"threshold":20,"detectionType":2,"shouldBeDetected":true}]},{"event":{"id":7,"scenarioId":1,"name":"continue","conditionOperator":1,"priority":5},"actions":[{"action":{"id":17,"eventId":7,"name":"Click","type":"CLICK","clickPositionType":"ON_DETECTED_CONDITION","clickOnConditionId":10,"pressDuration":1},"intentExtras":[]}],"conditions":[{"id":10,"eventId":7,"name":"Condition","path":"Condition_1466815218","areaLeft":263,"areaTop":422,"areaRight":793,"areaBottom":512,"threshold":10,"detectionType":1,"shouldBeDetected":true}]},{"event":{"id":8,"scenarioId":1,"name":"accept Challenge","conditionOperator":1,"priority":6},"actions":[{"action":{"id":24,"eventId":8,"name":"Click","type":"CLICK","clickPositionType":"ON_DETECTED_CONDITION","clickOnConditionId":16,"pressDuration":1},"intentExtras":[]}],"conditions":[{"id":11,"eventId":8,"name":"Condition","path":"Condition_438600403","areaLeft":131,"areaTop":967,"areaRight":908,"areaBottom":1131,"threshold":15,"detectionType":2,"shouldBeDetected":true},{"id":16,"eventId":8,"name":"Condition","path":"Condition_-1171555122","areaLeft":684,"areaTop":1423,"areaRight":812,"areaBottom":1490,"threshold":19,"detectionType":1,"shouldBeDetected":true}]},{"event":{"id":9,"scenarioId":1,"name":"Close","conditionOperator":1,"priority":7},"actions":[{"action":{"id":21,"eventId":9,"name":"Click","type":"CLICK","clickPositionType":"ON_DETECTED_CONDITION","clickOnConditionId":13,"pressDuration":1},"intentExtras":[]},{"action":{"id":22,"eventId":9,"priority":1,"name":"Wait","type":"PAUSE","pauseDuration":5000},"intentExtras":[]}],"conditions":[{"id":13,"eventId":9,"name":"Condition","path":"Condition_1619610420","areaLeft":924,"areaTop":177,"areaRight":1031,"areaBottom":289,"threshold":13,"detectionType":1,"shouldBeDetected":true}]}],"endConditions":[]}}