{"version":9,"screenWidth":1080,"screenHeight":2340,"scenario":{"scenario":{"id":6,"name":"Caesar Slots","detectionQuality":600,"endConditionOperator":2},"events":[{"event":{"id":37,"scenarioId":6,"name":"Spin and Stop","conditionOperator":2,"priority":2},"actions":[{"action":{"id":70,"eventId":37,"name":"Click","type":"CLICK","clickOnCondition":true,"pressDuration":1},"intentExtras":[]},{"action":{"id":71,"eventId":37,"priority":1,"name":"Wait","type":"PAUSE","pauseDuration":1250},"intentExtras":[]},{"action":{"id":72,"eventId":37,"priority":2,"name":"Click","type":"CLICK","clickOnCondition":true,"pressDuration":1},"intentExtras":[]}],"conditions":[{"id":173,"eventId":37,"name":"Condition","path":"Condition_22409436","areaLeft":1886,"areaTop":890,"areaRight":2164,"areaBottom":978,"threshold":10,"detectionType":1,"shouldBeDetected":true},{"id":176,"eventId":37,"name":"Condition","path":"Condition_583365171","areaLeft":1929,"areaTop":934,"areaRight":2123,"areaBottom":1004,"threshold":10,"detectionType":1,"shouldBeDetected":true}]},{"event":{"id":38,"scenarioId":6,"name":"Start Mini","conditionOperator":2,"priority":3},"actions":[{"action":{"id":73,"eventId":38,"name":"Click","type":"CLICK","clickOnCondition":true,"pressDuration":1},"intentExtras":[]}],"conditions":[{"id":174,"eventId":38,"name":"Condition","path":"Condition_-267740079","areaLeft":1406,"areaTop":977,"areaRight":1750,"areaBottom":1061,"threshold":10,"detectionType":2,"shouldBeDetected":true},{"id":194,"eventId":38,"name":"Condition","path":"Condition_-158080723","areaLeft":1116,"areaTop":860,"areaRight":1365,"areaBottom":948,"threshold":10,"detectionType":1,"shouldBeDetected":true}]},{"event":{"id":39,"scenarioId":6,"name":"Continue Game","conditionOperator":2,"priority":4},"actions":[{"action":{"id":74,"eventId":39,"name":"Click","type":"CLICK","clickOnCondition":true,"pressDuration":1},"intentExtras":[]}],"conditions":[{"id":175,"eventId":39,"name":"Condition","path":"Condition_-641928587","areaLeft":1032,"areaTop":990,"areaRight":1462,"areaBottom":1047,"threshold":10,"detectionType":2,"shouldBeDetected":true},{"id":187,"eventId":39,"name":"Condition","path":"Condition_-384759431","areaLeft":1002,"areaTop":848,"areaRight":1499,"areaBottom":927,"threshold":8,"detectionType":2,"shouldBeDetected":true},{"id":192,"eventId":39,"name":"Condition","path":"Condition_-1722865294","areaLeft":968,"areaTop":901,"areaRight":1516,"areaBottom":1018,"threshold":4,"detectionType":1,"shouldBeDetected":true},{"id":193,"eventId":39,"name":"Condition","path":"Condition_-1351913164","areaLeft":1320,"areaTop":866,"areaRight":1645,"areaBottom":965,"threshold":12,"detectionType":1,"shouldBeDetected":true},{"id":195,"eventId":39,"name":"Condition","path":"Condition_415454770","areaLeft":975,"areaTop":886,"areaRight":1492,"areaBottom":961,"threshold":10,"detectionType":1,"shouldBeDetected":true}]},{"event":{"id":40,"scenarioId":6,"name":"Close Menu","conditionOperator":2,"priority":5},"actions":[{"action":{"id":75,"eventId":40,"name":"Click","type":"CLICK","clickOnCondition":true,"pressDuration":1},"intentExtras":[]}],"conditions":[{"id":177,"eventId":40,"name":"Condition","path":"Condition_325659436","areaLeft":1988,"areaTop":28,"areaRight":2101,"areaBottom":113,"threshold":12,"detectionType":2,"shouldBeDetected":true},{"id":178,"eventId":40,"name":"Condition","path":"Condition_-479680070","areaLeft":1925,"areaTop":45,"areaRight":1997,"areaBottom":113,"threshold":4,"detectionType":2,"shouldBeDetected":true},{"id":188,"eventId":40,"name":"Condition","path":"Condition_1434862993","areaLeft":1651,"areaTop":190,"areaRight":1819,"areaBottom":284,"threshold":15,"detectionType":2,"shouldBeDetected":true},{"id":190,"eventId":40,"name":"Condition","path":"Condition_-1748148037","areaLeft":1772,"areaTop":87,"areaRight":1851,"areaBottom":150,"threshold":17,"detectionType":2,"shouldBeDetected":true},{"id":191,"eventId":40,"name":"Condition","path":"Condition_-1638348677","areaLeft":1809,"areaTop":130,"areaRight":1895,"areaBottom":210,"threshold":17,"detectionType":2,"shouldBeDetected":true},{"id":196,"eventId":40,"name":"Condition","path":"Condition_490826891","areaLeft":1924,"areaTop":5,"areaRight":2030,"areaBottom":113,"threshold":20,"detectionType":2,"shouldBeDetected":true}]},{"event":{"id":41,"scenarioId":6,"name":"Start Nevada Snaps","conditionOperator":2,"priority":0},"actions":[{"action":{"id":79,"eventId":41,"name":"Click","type":"CLICK","x":239,"y":322,"clickOnCondition":false,"pressDuration":1},"intentExtras":[]}],"conditions":[{"id":180,"eventId":41,"name":"Condition","path":"Condition_2133274830","areaLeft":200,"areaTop":314,"areaRight":263,"areaBottom":359,"threshold":11,"detectionType":1,"shouldBeDetected":true},{"id":181,"eventId":41,"name":"Condition","path":"Condition_-2004711282","areaLeft":227,"areaTop":243,"areaRight":261,"areaBottom":273,"threshold":17,"detectionType":1,"shouldBeDetected":true}]},{"event":{"id":42,"scenarioId":6,"name":"Play Nevada Snaps","conditionOperator":2,"priority":1},"actions":[{"action":{"id":77,"eventId":42,"name":"Click","type":"CLICK","clickOnCondition":true,"pressDuration":1},"intentExtras":[]}],"conditions":[{"id":182,"eventId":42,"name":"Condition","path":"Condition_307905844","areaLeft":1159,"areaTop":301,"areaRight":1377,"areaBottom":370,"threshold":4,"detectionType":2,"shouldBeDetected":true},{"id":183,"eventId":42,"name":"Condition","path":"Condition_383217397","areaLeft":1010,"areaTop":945,"areaRight":1465,"areaBottom":1007,"threshold":4,"detectionType":1,"shouldBeDetected":true},{"id":184,"eventId":42,"name":"Condition","path":"Condition_-1105449489","areaLeft":1941,"areaTop":55,"areaRight":2031,"areaBottom":130,"threshold":4,"detectionType":1,"shouldBeDetected":true},{"id":186,"eventId":42,"name":"Condition","path":"Condition_-1223146307","areaLeft":1759,"areaTop":93,"areaRight":1854,"areaBottom":167,"threshold":11,"detectionType":2,"shouldBeDetected":true}]}],"endConditions":[]}}