{"version":11,"screenWidth":1080,"screenHeight":2340,"scenario":{"scenario":{"id":6,"name":"Yahtzee","detectionQuality":1200,"endConditionOperator":2},"events":[{"event":{"id":36,"scenarioId":6,"name":"Roll Dice","conditionOperator":1,"priority":0},"actions":[{"action":{"id":72,"eventId":36,"name":"Click","type":"CLICK","clickPositionType":"ON_DETECTED_CONDITION","clickOnConditionId":118,"pressDuration":1},"intentExtras":[]},{"action":{"id":73,"eventId":36,"priority":1,"name":"Wait","type":"PAUSE","pauseDuration":500},"intentExtras":[]}],"conditions":[{"id":118,"eventId":36,"name":"Condition","path":"Condition_1871136114","areaLeft":218,"areaTop":2157,"areaRight":544,"areaBottom":2266,"threshold":9,"detectionType":1,"shouldBeDetected":true}]},{"event":{"id":37,"scenarioId":6,"name":"Play","conditionOperator":1,"priority":1},"actions":[{"action":{"id":74,"eventId":37,"name":"Click","type":"CLICK","clickPositionType":"ON_DETECTED_CONDITION","clickOnConditionId":119,"pressDuration":1},"intentExtras":[]},{"action":{"id":75,"eventId":37,"priority":1,"name":"Wait","type":"PAUSE","pauseDuration":5000},"intentExtras":[]}],"conditions":[{"id":119,"eventId":37,"name":"Condition","path":"Condition_1237129706","areaLeft":753,"areaTop":2153,"areaRight":1044,"areaBottom":2286,"threshold":4,"detectionType":1,"shouldBeDetected":true}]},{"event":{"id":38,"scenarioId":6,"name":"Select Square","conditionOperator":1,"priority":2},"actions":[{"action":{"id":76,"eventId":38,"name":"Click","type":"CLICK","clickPositionType":"ON_DETECTED_CONDITION","clickOnConditionId":120,"pressDuration":1},"intentExtras":[]},{"action":{"id":77,"eventId":38,"priority":1,"name":"Wait","type":"PAUSE","pauseDuration":500},"intentExtras":[]}],"conditions":[{"id":120,"eventId":38,"name":"Condition","path":"Condition_739082727","areaLeft":192,"areaTop":492,"areaRight":345,"areaBottom":642,"threshold":15,"detectionType":2,"shouldBeDetected":true}]},{"event":{"id":40,"scenarioId":6,"name":"Click user name","conditionOperator":1,"priority":3},"actions":[{"action":{"id":80,"eventId":40,"name":"Click","type":"CLICK","clickPositionType":"ON_DETECTED_CONDITION","clickOnConditionId":122,"pressDuration":1},"intentExtras":[]},{"action":{"id":81,"eventId":40,"priority":1,"name":"Wait","type":"PAUSE","pauseDuration":1000},"intentExtras":[]}],"conditions":[{"id":122,"eventId":40,"name":"Condition","path":"Condition_1007925825","areaLeft":446,"areaTop":1058,"areaRight":618,"areaBottom":1095,"threshold":20,"detectionType":2,"shouldBeDetected":true}]},{"event":{"id":41,"scenarioId":6,"name":"Continue","conditionOperator":1,"priority":4},"actions":[{"action":{"id":82,"eventId":41,"name":"Click","type":"CLICK","clickPositionType":"ON_DETECTED_CONDITION","clickOnConditionId":123,"pressDuration":1},"intentExtras":[]}],"conditions":[{"id":123,"eventId":41,"name":"Condition","path":"Condition_1466815218","areaLeft":263,"areaTop":422,"areaRight":793,"areaBottom":512,"threshold":10,"detectionType":1,"shouldBeDetected":true}]},{"event":{"id":42,"scenarioId":6,"name":"Accept Challenge","conditionOperator":1,"priority":5},"actions":[{"action":{"id":83,"eventId":42,"name":"Click","type":"CLICK","clickPositionType":"ON_DETECTED_CONDITION","clickOnConditionId":125,"pressDuration":1},"intentExtras":[]}],"conditions":[{"id":124,"eventId":42,"name":"Condition","path":"Condition_438600403","areaLeft":131,"areaTop":967,"areaRight":908,"areaBottom":1131,"threshold":15,"detectionType":2,"shouldBeDetected":true},{"id":125,"eventId":42,"name":"Condition","path":"Condition_-1171555122","areaLeft":684,"areaTop":1423,"areaRight":812,"areaBottom":1490,"threshold":19,"detectionType":1,"shouldBeDetected":true}]},{"event":{"id":43,"scenarioId":6,"name":"Close","conditionOperator":1,"priority":6},"actions":[{"action":{"id":84,"eventId":43,"name":"Click","type":"CLICK","clickPositionType":"ON_DETECTED_CONDITION","clickOnConditionId":126,"pressDuration":1},"intentExtras":[]},{"action":{"id":85,"eventId":43,"priority":1,"name":"Wait","type":"PAUSE","pauseDuration":5000},"intentExtras":[]}],"conditions":[{"id":126,"eventId":43,"name":"Condition","path":"Condition_1619610420","areaLeft":924,"areaTop":177,"areaRight":1031,"areaBottom":289,"threshold":13,"detectionType":1,"shouldBeDetected":true}]}],"endConditions":[]}}