{"version":9,"screenWidth":1080,"screenHeight":2400,"scenario":{"scenario":{"id":5,"name":"Crypto magnet","detectionQuality":785,"endConditionOperator":2},"events":[{"event":{"id":40,"scenarioId":5,"name":"Claim or No Thanks","conditionOperator":2,"priority":2},"actions":[{"action":{"id":73,"eventId":40,"name":"Click","type":"CLICK","x":563,"y":1224,"clickOnCondition":true,"pressDuration":1},"intentExtras":[]},{"action":{"id":74,"eventId":40,"priority":1,"name":"Wait","type":"PAUSE","pauseDuration":3000},"intentExtras":[]}],"conditions":[{"id":114,"eventId":40,"name":"No Thanks logo","path":"Condition_-1076347914","areaLeft":379,"areaTop":1369,"areaRight":699,"areaBottom":1428,"threshold":7,"detectionType":1,"shouldBeDetected":true},{"id":115,"eventId":40,"name":"Condition","path":"Condition_-1908568820","areaLeft":408,"areaTop":1216,"areaRight":680,"areaBottom":1316,"threshold":3,"detectionType":1,"shouldBeDetected":true},{"id":116,"eventId":40,"name":"Condition","path":"Condition_-1212110350","areaLeft":358,"areaTop":1174,"areaRight":734,"areaBottom":1317,"threshold":4,"detectionType":1,"shouldBeDetected":true}]},{"event":{"id":42,"scenarioId":5,"name":"No Revive","conditionOperator":1,"priority":1},"actions":[{"action":{"id":76,"eventId":42,"name":"Click","type":"CLICK","x":1028,"y":638,"clickOnCondition":false,"pressDuration":100},"intentExtras":[]},{"action":{"id":77,"eventId":42,"priority":1,"name":"Wait","type":"PAUSE","pauseDuration":3000},"intentExtras":[]}],"conditions":[{"id":118,"eventId":42,"name":"Revive logo","path":"Condition_-1782836278","areaLeft":357,"areaTop":1287,"areaRight":717,"areaBottom":1345,"threshold":1,"detectionType":1,"shouldBeDetected":true}]},{"event":{"id":43,"scenarioId":5,"name":"Ad for Depth","conditionOperator":1,"priority":0},"actions":[{"action":{"id":78,"eventId":43,"name":"Click","type":"CLICK","clickOnCondition":true,"pressDuration":1},"intentExtras":[]},{"action":{"id":79,"eventId":43,"priority":1,"name":"Wait","type":"PAUSE","pauseDuration":3000},"intentExtras":[]}],"conditions":[{"id":119,"eventId":43,"name":"Add Present","path":"Condition_1549139672","areaLeft":418,"areaTop":1781,"areaRight":676,"areaBottom":1896,"threshold":5,"detectionType":1,"shouldBeDetected":true}]},{"event":{"id":44,"scenarioId":5,"name":"Continue Game","conditionOperator":2,"priority":3},"actions":[{"action":{"id":80,"eventId":44,"name":"Click","type":"CLICK","x":591,"y":1448,"clickOnCondition":false,"pressDuration":1},"intentExtras":[]},{"action":{"id":81,"eventId":44,"priority":1,"name":"Wait","type":"PAUSE","pauseDuration":3000},"intentExtras":[]}],"conditions":[{"id":120,"eventId":44,"name":"Condition","path":"Condition_918496961","areaLeft":764,"areaTop":1800,"areaRight":960,"areaBottom":1921,"threshold":4,"detectionType":1,"shouldBeDetected":true},{"id":121,"eventId":44,"name":"Condition","path":"Condition_-1935292903","areaLeft":770,"areaTop":1800,"areaRight":945,"areaBottom":1912,"threshold":4,"detectionType":1,"shouldBeDetected":true}]},{"event":{"id":48,"scenarioId":5,"name":"Resume Video","conditionOperator":1,"priority":4},"actions":[{"action":{"id":87,"eventId":48,"name":"Click","type":"CLICK","x":729,"y":1352,"clickOnCondition":true,"pressDuration":1},"intentExtras":[]},{"action":{"id":88,"eventId":48,"priority":1,"name":"Wait","type":"PAUSE","pauseDuration":30000},"intentExtras":[]}],"conditions":[{"id":139,"eventId":48,"name":"Condition","path":"Condition_1681262597","areaLeft":616,"areaTop":1315,"areaRight":851,"areaBottom":1416,"threshold":4,"detectionType":1,"shouldBeDetected":true}]},{"event":{"id":62,"scenarioId":5,"name":"Close Ads","conditionOperator":2,"priority":5},"actions":[{"action":{"id":111,"eventId":62,"name":"Click","type":"CLICK","clickOnCondition":true,"pressDuration":100},"intentExtras":[]},{"action":{"id":112,"eventId":62,"priority":1,"name":"Wait","type":"PAUSE","pauseDuration":2000},"intentExtras":[]}],"conditions":[{"id":189,"eventId":62,"name":"Close Marker ","path":"Condition_-2111938916","areaLeft":972,"areaTop":132,"areaRight":1077,"areaBottom":217,"threshold":20,"detectionType":2,"shouldBeDetected":true},{"id":190,"eventId":62,"name":"Condition","path":"Condition_-1751591983","areaLeft":25,"areaTop":146,"areaRight":106,"areaBottom":218,"threshold":20,"detectionType":2,"shouldBeDetected":true},{"id":191,"eventId":62,"name":"Condition","path":"Condition_1310800920","areaLeft":982,"areaTop":145,"areaRight":1057,"areaBottom":221,"threshold":20,"detectionType":2,"shouldBeDetected":true},{"id":192,"eventId":62,"name":"Condition","path":"Condition_440882649","areaLeft":964,"areaTop":236,"areaRight":1025,"areaBottom":292,"threshold":20,"detectionType":2,"shouldBeDetected":true},{"id":193,"eventId":62,"name":"Condition","path":"Condition_1689274499","areaLeft":1006,"areaTop":143,"areaRight":1054,"areaBottom":203,"threshold":20,"detectionType":2,"shouldBeDetected":true},{"id":194,"eventId":62,"name":"Condition","path":"Condition_2012231470","areaLeft":986,"areaTop":127,"areaRight":1072,"areaBottom":202,"threshold":20,"detectionType":2,"shouldBeDetected":true},{"id":195,"eventId":62,"name":"Condition","path":"Condition_1937703155","areaLeft":983,"areaTop":172,"areaRight":1033,"areaBottom":217,"threshold":20,"detectionType":2,"shouldBeDetected":true},{"id":196,"eventId":62,"name":"Condition","path":"Condition_-811476126","areaLeft":976,"areaTop":110,"areaRight":1071,"areaBottom":238,"threshold":20,"detectionType":2,"shouldBeDetected":true},{"id":197,"eventId":62,"name":"Condition","path":"Condition_-1122840254","areaLeft":977,"areaTop":139,"areaRight":1054,"areaBottom":228,"threshold":20,"detectionType":2,"shouldBeDetected":true},{"id":198,"eventId":62,"name":"Condition","path":"Condition_-2002463305","areaLeft":981,"areaTop":148,"areaRight":1060,"areaBottom":214,"threshold":20,"detectionType":2,"shouldBeDetected":true},{"id":199,"eventId":62,"name":"Condition","path":"Condition_-187679490","areaLeft":954,"areaTop":789,"areaRight":1018,"areaBottom":865,"threshold":20,"detectionType":2,"shouldBeDetected":true},{"id":200,"eventId":62,"name":"Condition","path":"Condition_333672635","areaLeft":971,"areaTop":143,"areaRight":1061,"areaBottom":223,"threshold":19,"detectionType":2,"shouldBeDetected":true},{"id":201,"eventId":62,"name":"Condition","path":"Condition_-1050747995","areaLeft":942,"areaTop":195,"areaRight":997,"areaBottom":256,"threshold":20,"detectionType":2,"shouldBeDetected":true},{"id":202,"eventId":62,"name":"Condition","path":"Condition_1076357083","areaLeft":973,"areaTop":146,"areaRight":1058,"areaBottom":223,"threshold":20,"detectionType":2,"shouldBeDetected":true},{"id":203,"eventId":62,"name":"Condition","path":"Condition_629916722","areaLeft":947,"areaTop":135,"areaRight":1071,"areaBottom":233,"threshold":20,"detectionType":2,"shouldBeDetected":true},{"id":204,"eventId":62,"name":"Condition","path":"Condition_60708623","areaLeft":968,"areaTop":160,"areaRight":1043,"areaBottom":229,"threshold":20,"detectionType":2,"shouldBeDetected":true},{"id":205,"eventId":62,"name":"Condition","path":"Condition_563335043","areaLeft":991,"areaTop":138,"areaRight":1059,"areaBottom":209,"threshold":20,"detectionType":2,"shouldBeDetected":true},{"id":206,"eventId":62,"name":"Condition","path":"Condition_-588841662","areaLeft":956,"areaTop":227,"areaRight":1033,"areaBottom":302,"threshold":20,"detectionType":2,"shouldBeDetected":true},{"id":207,"eventId":62,"name":"Condition","path":"Condition_99780073","areaLeft":954,"areaTop":222,"areaRight":1032,"areaBottom":314,"threshold":20,"detectionType":2,"shouldBeDetected":true},{"id":208,"eventId":62,"name":"Condition","path":"Condition_-1624761421","areaLeft":1001,"areaTop":139,"areaRight":1058,"areaBottom":210,"threshold":20,"detectionType":2,"shouldBeDetected":true},{"id":209,"eventId":62,"name":"Condition","path":"Condition_1083450305","areaLeft":998,"areaTop":131,"areaRight":1080,"areaBottom":199,"threshold":20,"detectionType":2,"shouldBeDetected":true},{"id":210,"eventId":62,"name":"Condition","path":"Condition_1746012165","areaLeft":986,"areaTop":135,"areaRight":1055,"areaBottom":216,"threshold":20,"detectionType":2,"shouldBeDetected":true},{"id":211,"eventId":62,"name":"Condition","path":"Condition_-1068547060","areaLeft":986,"areaTop":141,"areaRight":1054,"areaBottom":213,"threshold":20,"detectionType":2,"shouldBeDetected":true},{"id":212,"eventId":62,"name":"Condition","path":"Condition_1553384349","areaLeft":14,"areaTop":134,"areaRight":70,"areaBottom":201,"threshold":19,"detectionType":1,"shouldBeDetected":true},{"id":213,"eventId":62,"name":"Condition","path":"Condition_963453974","areaLeft":1001,"areaTop":115,"areaRight":1080,"areaBottom":212,"threshold":20,"detectionType":1,"shouldBeDetected":true}]}],"endConditions":[]}}